Time	sum(Block size (kB)) â€“ Bitcoin
03.01.2009	285
09.01.2009	3010
10.01.2009	13129
11.01.2009	20033
12.01.2009	22031
13.01.2009	26527
14.01.2009	28276
15.01.2009	30061
16.01.2009	23854
17.01.2009	23528
18.01.2009	23534
19.01.2009	26783
20.01.2009	25619
21.01.2009	22337
22.01.2009	20816
23.01.2009	19256
24.01.2009	44634
25.01.2009	41447
26.01.2009	23035
27.01.2009	21370
28.01.2009	24153
29.01.2009	27498
30.01.2009	25257
31.01.2009	32080
01.02.2009	24657
02.02.2009	27788
03.02.2009	34541
04.02.2009	25673
05.02.2009	27181
06.02.2009	26332
07.02.2009	31000
08.02.2009	28720
09.02.2009	33983
10.02.2009	25880
11.02.2009	30474
12.02.2009	25689
13.02.2009	26772
14.02.2009	29347
15.02.2009	29361
16.02.2009	29789
17.02.2009	25260
18.02.2009	25481
19.02.2009	28650
20.02.2009	26334
21.02.2009	24620
22.02.2009	27654
23.02.2009	23327
24.02.2009	22889
25.02.2009	22666
26.02.2009	23108
27.02.2009	28957
28.02.2009	22228
01.03.2009	22675
02.03.2009	23324
03.03.2009	23670
04.03.2009	25450
05.03.2009	25134
06.03.2009	25263
07.03.2009	23541
08.03.2009	28013
09.03.2009	23297
10.03.2009	23109
11.03.2009	24611
12.03.2009	25905
13.03.2009	25921
14.03.2009	23737
15.03.2009	26564
16.03.2009	31643
17.03.2009	24620
18.03.2009	26301
19.03.2009	26326
20.03.2009	26887
21.03.2009	10794
22.03.2009	27028
23.03.2009	28070
24.03.2009	22678
25.03.2009	25247
26.03.2009	28502
27.03.2009	22891
28.03.2009	28112
29.03.2009	25052
30.03.2009	25902
31.03.2009	27447
01.04.2009	24608
02.04.2009	24827
03.04.2009	25050
04.04.2009	24379
05.04.2009	30102
06.04.2009	23542
07.04.2009	21599
08.04.2009	22680
09.04.2009	21358
10.04.2009	23322
11.04.2009	26800
12.04.2009	26516
13.04.2009	25066
14.04.2009	26778
15.04.2009	24379
16.04.2009	26555
17.04.2009	24176
18.04.2009	27977
19.04.2009	26656
20.04.2009	38917
21.04.2009	26782
22.04.2009	26132
23.04.2009	16176
24.04.2009	24829
25.04.2009	25472
26.04.2009	25990
27.04.2009	22453
28.04.2009	25229
29.04.2009	29964
30.04.2009	28290
01.05.2009	26121
02.05.2009	29153
03.05.2009	23715
04.05.2009	31095
05.05.2009	30330
06.05.2009	29157
07.05.2009	26352
08.05.2009	23106
09.05.2009	16808
10.05.2009	18339
11.05.2009	26263
12.05.2009	28070
13.05.2009	25061
14.05.2009	30731
15.05.2009	30546
16.05.2009	25698
17.05.2009	27427
18.05.2009	25479
19.05.2009	18566
20.05.2009	25888
21.05.2009	17709
22.05.2009	13174
23.05.2009	6910
24.05.2009	21590
25.05.2009	23539
26.05.2009	26988
27.05.2009	25672
28.05.2009	20509
29.05.2009	29769
30.05.2009	23513
31.05.2009	20736
01.06.2009	15608
02.06.2009	23966
03.06.2009	15336
04.06.2009	14252
05.06.2009	6477
06.06.2009	6028
07.06.2009	3455
08.06.2009	17693
09.06.2009	19638
10.06.2009	17706
11.06.2009	19221
12.06.2009	18564
13.06.2009	16805
14.06.2009	15530
15.06.2009	18140
16.06.2009	15317
17.06.2009	17036
18.06.2009	17265
19.06.2009	18764
20.06.2009	16830
21.06.2009	17477
22.06.2009	23285
23.06.2009	16383
24.06.2009	21050
25.06.2009	16983
26.06.2009	19404
27.06.2009	18130
28.06.2009	10154
29.06.2009	18154
30.06.2009	18789
01.07.2009	16238
02.07.2009	18145
03.07.2009	17710
04.07.2009	19213
05.07.2009	17063
06.07.2009	18142
07.07.2009	14900
08.07.2009	15983
09.07.2009	18552
10.07.2009	17485
11.07.2009	17927
12.07.2009	16616
13.07.2009	16841
14.07.2009	14901
15.07.2009	9719
16.07.2009	15326
17.07.2009	10143
18.07.2009	860
19.07.2009	15106
20.07.2009	29029
21.07.2009	17700
22.07.2009	12924
23.07.2009	16392
24.07.2009	15763
25.07.2009	6907
26.07.2009	4526
27.07.2009	15977
28.07.2009	8844
29.07.2009	4369
30.07.2009	3468
31.07.2009	3667
01.08.2009	6043
02.08.2009	4959
03.08.2009	2590
04.08.2009	17466
05.08.2009	18768
06.08.2009	19433
07.08.2009	30042
08.08.2009	17270
09.08.2009	21816
10.08.2009	16199
11.08.2009	15114
12.08.2009	13578
13.08.2009	18340
14.08.2009	13597
15.08.2009	5600
16.08.2009	4095
17.08.2009	3669
18.08.2009	2160
19.08.2009	3877
20.08.2009	4734
21.08.2009	3010
22.08.2009	1505
23.08.2009	3233
24.08.2009	3225
25.08.2009	10783
26.08.2009	16120
27.08.2009	6245
28.08.2009	16180
29.08.2009	16833
30.08.2009	21086
31.08.2009	19294
01.09.2009	16832
02.09.2009	14246
03.09.2009	14817
04.09.2009	13803
05.09.2009	16404
06.09.2009	14678
07.09.2009	18364
08.09.2009	14888
09.09.2009	11653
10.09.2009	14459
11.09.2009	14460
12.09.2009	14896
13.09.2009	16188
14.09.2009	15973
15.09.2009	9498
16.09.2009	15759
17.09.2009	29755
18.09.2009	16833
19.09.2009	15981
20.09.2009	16847
21.09.2009	15853
22.09.2009	9996
23.09.2009	7766
24.09.2009	20904
25.09.2009	22688
26.09.2009	21546
27.09.2009	20652
28.09.2009	18354
29.09.2009	23990
30.09.2009	18340
01.10.2009	17703
02.10.2009	16720
03.10.2009	12494
04.10.2009	11431
05.10.2009	11867
06.10.2009	11142
07.10.2009	12943
08.10.2009	15083
09.10.2009	17037
10.10.2009	16618
11.10.2009	15966
12.10.2009	21134
13.10.2009	12301
14.10.2009	14878
15.10.2009	15291
16.10.2009	22351
17.10.2009	12303
18.10.2009	16798
19.10.2009	24130
20.10.2009	32110
21.10.2009	19333
22.10.2009	24131
23.10.2009	19173
24.10.2009	14272
25.10.2009	16384
26.10.2009	15322
27.10.2009	15730
28.10.2009	14235
29.10.2009	14692
30.10.2009	12928
31.10.2009	9904
01.11.2009	5382
02.11.2009	7108
03.11.2009	13363
04.11.2009	18529
05.11.2009	12282
06.11.2009	13364
07.11.2009	14881
08.11.2009	15735
09.11.2009	13804
10.11.2009	16800
11.11.2009	21213
12.11.2009	14218
13.11.2009	19076
14.11.2009	17035
15.11.2009	20700
16.11.2009	20921
17.11.2009	19841
18.11.2009	17019
19.11.2009	26264
20.11.2009	18543
21.11.2009	15747
22.11.2009	22865
23.11.2009	20722
24.11.2009	20048
25.11.2009	19408
26.11.2009	18103
27.11.2009	15945
28.11.2009	15305
29.11.2009	12941
30.11.2009	16182
01.12.2009	35316
02.12.2009	20271
03.12.2009	18989
04.12.2009	7756
05.12.2009	15937
06.12.2009	22697
07.12.2009	24152
08.12.2009	26167
09.12.2009	25268
10.12.2009	22427
11.12.2009	24119
12.12.2009	31509
13.12.2009	24596
14.12.2009	60330
15.12.2009	24964
16.12.2009	31309
17.12.2009	38019
18.12.2009	48497
19.12.2009	42910
20.12.2009	37785
21.12.2009	37901
22.12.2009	34947
23.12.2009	33214
24.12.2009	33216
25.12.2009	32378
26.12.2009	37535
27.12.2009	36706
28.12.2009	29558
29.12.2009	36876
30.12.2009	30412
31.12.2009	29766
01.01.2010	28770
02.01.2010	27169
03.01.2010	40132
04.01.2010	48697
05.01.2010	42695
06.01.2010	35166
07.01.2010	33208
08.01.2010	33011
09.01.2010	32590
10.01.2010	41002
11.01.2010	34296
12.01.2010	59150
13.01.2010	35835
14.01.2010	32114
15.01.2010	31006
16.01.2010	27785
17.01.2010	28239
18.01.2010	27166
19.01.2010	26708
20.01.2010	34041
21.01.2010	41166
22.01.2010	29447
23.01.2010	34954
24.01.2010	33372
25.01.2010	53015
26.01.2010	44875
27.01.2010	37729
28.01.2010	40633
29.01.2010	44868
30.01.2010	49436
31.01.2010	37792
01.02.2010	43041
02.02.2010	33665
03.02.2010	58978
04.02.2010	54479
05.02.2010	76429
06.02.2010	45539
07.02.2010	48371
08.02.2010	58158
09.02.2010	92495
10.02.2010	105605
11.02.2010	45084
12.02.2010	46843
13.02.2010	60026
14.02.2010	52585
15.02.2010	49069
16.02.2010	44368
17.02.2010	55931
18.02.2010	51875
19.02.2010	42284
20.02.2010	46464
21.02.2010	62714
22.02.2010	86860
23.02.2010	54084
24.02.2010	49425
25.02.2010	49724
26.02.2010	39761
27.02.2010	38434
28.02.2010	45927
01.03.2010	45895
02.03.2010	45381
03.03.2010	47123
04.03.2010	84189
05.03.2010	37276
06.03.2010	49317
07.03.2010	52035
08.03.2010	47962
09.03.2010	40798
10.03.2010	40432
11.03.2010	36104
12.03.2010	26967
13.03.2010	37136
14.03.2010	28379
15.03.2010	30316
16.03.2010	30239
17.03.2010	32391
18.03.2010	40095
19.03.2010	47931
20.03.2010	51036
21.03.2010	40877
22.03.2010	43567
23.03.2010	54284
24.03.2010	41609
25.03.2010	80544
26.03.2010	52068
27.03.2010	41688
28.03.2010	42761
29.03.2010	50417
30.03.2010	47945
31.03.2010	48313
01.04.2010	39900
02.04.2010	36150
03.04.2010	38056
04.04.2010	45442
05.04.2010	52396
06.04.2010	47108
07.04.2010	54580
08.04.2010	47884
09.04.2010	66267
10.04.2010	91234
11.04.2010	72089
12.04.2010	67266
13.04.2010	46359
14.04.2010	56137
15.04.2010	134861
16.04.2010	71771
17.04.2010	60619
18.04.2010	886809
19.04.2010	89292
20.04.2010	73030
21.04.2010	67271
22.04.2010	44556
23.04.2010	46160
24.04.2010	59894
25.04.2010	58743
26.04.2010	52600
27.04.2010	54474
28.04.2010	59059
29.04.2010	41214
30.04.2010	39495
01.05.2010	49523
02.05.2010	40027
03.05.2010	50135
04.05.2010	57986
05.05.2010	54148
06.05.2010	66588
07.05.2010	41488
08.05.2010	66985
09.05.2010	49258
10.05.2010	47575
11.05.2010	30042
12.05.2010	46530
13.05.2010	44038
14.05.2010	191194
15.05.2010	201635
16.05.2010	30951
17.05.2010	49714
18.05.2010	56799
19.05.2010	55789
20.05.2010	55727
21.05.2010	65808
22.05.2010	83725
23.05.2010	78557
24.05.2010	58565
25.05.2010	62486
26.05.2010	75181
27.05.2010	69584
28.05.2010	66069
29.05.2010	64171
30.05.2010	46287
31.05.2010	45695
01.06.2010	46126
02.06.2010	44144
03.06.2010	68525
04.06.2010	38276
05.06.2010	45514
06.06.2010	49965
07.06.2010	72693
08.06.2010	54586
09.06.2010	61676
10.06.2010	49693
11.06.2010	61990
12.06.2010	50021
13.06.2010	60578
14.06.2010	73004
15.06.2010	65982
16.06.2010	58035
17.06.2010	46951
18.06.2010	50034
19.06.2010	72140
20.06.2010	55001
21.06.2010	60719
22.06.2010	60608
23.06.2010	65819
24.06.2010	61265
25.06.2010	47293
26.06.2010	45518
27.06.2010	55625
28.06.2010	53145
29.06.2010	74471
30.06.2010	219707
01.07.2010	75308
02.07.2010	113494
03.07.2010	72458
04.07.2010	78667
05.07.2010	64974
06.07.2010	50158
07.07.2010	65794
08.07.2010	52175
09.07.2010	61766
10.07.2010	67545
11.07.2010	90168
12.07.2010	601301
13.07.2010	360099
14.07.2010	1645594
15.07.2010	544313
16.07.2010	308968
17.07.2010	126403
18.07.2010	145561
19.07.2010	145645
20.07.2010	192893
21.07.2010	129061
22.07.2010	100831
23.07.2010	102463
24.07.2010	288520
25.07.2010	745131
26.07.2010	242849
27.07.2010	126205
28.07.2010	544527
29.07.2010	441239
30.07.2010	112707
31.07.2010	95553
01.08.2010	103256
02.08.2010	105848
03.08.2010	187252
04.08.2010	118838
05.08.2010	202284
06.08.2010	111297
07.08.2010	99351
08.08.2010	105310
09.08.2010	297191
10.08.2010	90881
11.08.2010	115767
12.08.2010	99778
13.08.2010	180029
14.08.2010	138311
15.08.2010	83618
16.08.2010	154332
17.08.2010	87143
18.08.2010	266732
19.08.2010	84193
20.08.2010	114996
21.08.2010	93320
22.08.2010	100182
23.08.2010	103967
24.08.2010	179767
25.08.2010	89739
26.08.2010	118135
27.08.2010	81224
28.08.2010	103269
29.08.2010	67018
30.08.2010	100051
31.08.2010	179743
01.09.2010	140451
02.09.2010	94844
03.09.2010	83176
04.09.2010	74104
05.09.2010	90113
06.09.2010	79929
07.09.2010	74845
08.09.2010	92533
09.09.2010	96488
10.09.2010	99333
11.09.2010	80912
12.09.2010	123975
13.09.2010	132839
14.09.2010	121459
15.09.2010	129736
16.09.2010	120795
17.09.2010	151120
18.09.2010	107268
19.09.2010	106524
20.09.2010	140555
21.09.2010	267541
22.09.2010	216418
23.09.2010	195070
24.09.2010	139809
25.09.2010	160892
26.09.2010	120058
27.09.2010	219307
28.09.2010	259065
29.09.2010	360817
30.09.2010	109932
01.10.2010	170186
02.10.2010	181685
03.10.2010	114492
04.10.2010	139628
05.10.2010	126135
06.10.2010	121525
07.10.2010	106962
08.10.2010	133119
09.10.2010	142978
10.10.2010	112246
11.10.2010	104397
12.10.2010	108305
13.10.2010	153068
14.10.2010	116607
15.10.2010	94119
16.10.2010	146797
17.10.2010	131625
18.10.2010	182936
19.10.2010	298121
20.10.2010	229326
21.10.2010	180774
22.10.2010	194425
23.10.2010	157944
24.10.2010	161575
25.10.2010	133369
26.10.2010	153234
27.10.2010	193688
28.10.2010	159470
29.10.2010	162752
30.10.2010	119897
31.10.2010	96862
01.11.2010	102885
02.11.2010	79084
03.11.2010	99075
04.11.2010	103257
05.11.2010	154535
06.11.2010	115244
07.11.2010	127295
08.11.2010	232253
09.11.2010	118595
10.11.2010	111452
11.11.2010	111768
12.11.2010	79065
13.11.2010	99392
14.11.2010	143607
15.11.2010	1757332
16.11.2010	2157868
17.11.2010	124735
18.11.2010	353471
19.11.2010	2187175
20.11.2010	2209954
21.11.2010	2300864
22.11.2010	102332
23.11.2010	105488
24.11.2010	973660
25.11.2010	1722713
26.11.2010	371264
27.11.2010	134152
28.11.2010	123021
29.11.2010	144629
30.11.2010	130423
01.12.2010	163462
02.12.2010	130957
03.12.2010	129579
04.12.2010	132717
05.12.2010	116906
06.12.2010	121217
07.12.2010	179980
08.12.2010	148383
09.12.2010	145154
10.12.2010	103537
11.12.2010	168503
12.12.2010	180244
13.12.2010	247259
14.12.2010	176901
15.12.2010	180096
16.12.2010	153159
17.12.2010	163711
18.12.2010	140347
19.12.2010	190171
20.12.2010	268516
21.12.2010	181962
22.12.2010	194024
23.12.2010	162200
24.12.2010	148131
25.12.2010	167375
26.12.2010	166179
27.12.2010	183541
28.12.2010	188283
29.12.2010	161791
30.12.2010	177926
31.12.2010	154108
01.01.2011	200895
02.01.2011	179145
03.01.2011	387253
04.01.2011	250734
05.01.2011	378458
06.01.2011	217396
07.01.2011	274983
08.01.2011	387393
09.01.2011	349507
10.01.2011	370709
11.01.2011	396619
12.01.2011	320686
13.01.2011	379707
14.01.2011	370542
15.01.2011	300934
16.01.2011	294045
17.01.2011	241716
18.01.2011	260419
19.01.2011	286343
20.01.2011	264434
21.01.2011	380376
22.01.2011	519844
23.01.2011	376731
24.01.2011	434702
25.01.2011	258222
26.01.2011	303644
27.01.2011	298793
28.01.2011	331137
29.01.2011	484984
30.01.2011	1002772
31.01.2011	516224
01.02.2011	423246
02.02.2011	299197
03.02.2011	243703
04.02.2011	295905
05.02.2011	280019
06.02.2011	310794
07.02.2011	268228
08.02.2011	262840
09.02.2011	372905
10.02.2011	684211
11.02.2011	714933
12.02.2011	599491
13.02.2011	543335
14.02.2011	738815
15.02.2011	666600
16.02.2011	601252
17.02.2011	674618
18.02.2011	701391
19.02.2011	497429
20.02.2011	569419
21.02.2011	558958
22.02.2011	678126
23.02.2011	694813
24.02.2011	662269
25.02.2011	630970
26.02.2011	616678
27.02.2011	718206
28.02.2011	562727
01.03.2011	880722
02.03.2011	642932
03.03.2011	939632
04.03.2011	693187
05.03.2011	841250
06.03.2011	645417
07.03.2011	636480
08.03.2011	834757
09.03.2011	633037
10.03.2011	542691
11.03.2011	626504
12.03.2011	856768
13.03.2011	795116
14.03.2011	851321
15.03.2011	923416
16.03.2011	948013
17.03.2011	944007
18.03.2011	745084
19.03.2011	929805
20.03.2011	1400944
21.03.2011	1590135
22.03.2011	717377
23.03.2011	1445282
24.03.2011	787473
25.03.2011	747305
26.03.2011	1124602
27.03.2011	952388
28.03.2011	1071681
29.03.2011	922358
30.03.2011	643255
31.03.2011	791353
01.04.2011	618190
02.04.2011	638090
03.04.2011	618953
04.04.2011	825026
05.04.2011	761020
06.04.2011	667051
07.04.2011	602962
08.04.2011	688131
09.04.2011	627136
10.04.2011	669056
11.04.2011	775478
12.04.2011	915759
13.04.2011	938261
14.04.2011	1009623
15.04.2011	965924
16.04.2011	1066407
17.04.2011	829913
18.04.2011	1097983
19.04.2011	1268816
20.04.2011	1310697
21.04.2011	685630
22.04.2011	778507
23.04.2011	945018
24.04.2011	939772
25.04.2011	1152123
26.04.2011	1270995
27.04.2011	1949829
28.04.2011	1236224
29.04.2011	1350305
30.04.2011	1813680
01.05.2011	1681100
02.05.2011	1142387
03.05.2011	1199189
04.05.2011	1176103
05.05.2011	1457827
06.05.2011	1340346
07.05.2011	1368341
08.05.2011	1177008
09.05.2011	1474328
10.05.2011	1461596
11.05.2011	1360968
12.05.2011	1424116
13.05.2011	1948391
14.05.2011	1860168
15.05.2011	1706737
16.05.2011	1981498
17.05.2011	1905232
18.05.2011	2358523
19.05.2011	1977829
20.05.2011	2082203
21.05.2011	1981516
22.05.2011	2057540
23.05.2011	2339082
24.05.2011	2293651
25.05.2011	2626078
26.05.2011	2851494
27.05.2011	1889252
28.05.2011	1978663
29.05.2011	1926367
30.05.2011	2209870
31.05.2011	2573468
01.06.2011	2740548
02.06.2011	3062281
03.06.2011	4051569
04.06.2011	3753525
05.06.2011	3281599
06.06.2011	4264747
07.06.2011	3587764
08.06.2011	5674215
09.06.2011	5226822
10.06.2011	4714797
11.06.2011	4413161
12.06.2011	5292590
13.06.2011	4930970
14.06.2011	5585386
15.06.2011	5420231
16.06.2011	5432185
17.06.2011	4918041
18.06.2011	4785228
19.06.2011	4933468
20.06.2011	4329247
21.06.2011	4009484
22.06.2011	4359828
23.06.2011	4046804
24.06.2011	4303378
25.06.2011	4008086
26.06.2011	4298496
27.06.2011	5479495
28.06.2011	4483043
29.06.2011	4146690
30.06.2011	4040774
01.07.2011	4582113
02.07.2011	3704020
03.07.2011	3417720
04.07.2011	4053515
05.07.2011	4016869
06.07.2011	4736714
07.07.2011	3819588
08.07.2011	3623427
09.07.2011	3400530
10.07.2011	3927054
11.07.2011	4275169
12.07.2011	3487061
13.07.2011	3786186
14.07.2011	3792945
15.07.2011	3300931
16.07.2011	3704973
17.07.2011	3663397
18.07.2011	4590590
19.07.2011	4160301
20.07.2011	3862169
21.07.2011	3693250
22.07.2011	3824482
23.07.2011	3278810
24.07.2011	3597225
25.07.2011	4334976
26.07.2011	3789815
27.07.2011	3637009
28.07.2011	3725915
29.07.2011	3073274
30.07.2011	2602850
31.07.2011	3451011
01.08.2011	3724270
02.08.2011	3868091
03.08.2011	3480496
04.08.2011	3495977
05.08.2011	3119981
06.08.2011	3179587
07.08.2011	2825558
08.08.2011	3699649
09.08.2011	4113900
10.08.2011	3503564
11.08.2011	3100577
12.08.2011	2923253
13.08.2011	3136749
14.08.2011	3434045
15.08.2011	3836999
16.08.2011	4062849
17.08.2011	3480845
18.08.2011	3165343
19.08.2011	3543137
20.08.2011	3117595
21.08.2011	3247404
22.08.2011	3524536
23.08.2011	3200633
24.08.2011	3164988
25.08.2011	3172975
26.08.2011	3376413
27.08.2011	3043455
28.08.2011	2463154
29.08.2011	3428745
30.08.2011	3180346
31.08.2011	2958342
01.09.2011	3071295
02.09.2011	2866694
03.09.2011	2483022
04.09.2011	5381859
05.09.2011	3093817
06.09.2011	3498998
07.09.2011	3035582
08.09.2011	2828256
09.09.2011	3920668
10.09.2011	2903609
11.09.2011	2931773
12.09.2011	3089557
13.09.2011	2699246
14.09.2011	2629027
15.09.2011	2845363
16.09.2011	2634170
17.09.2011	2293548
18.09.2011	2485200
19.09.2011	3083335
20.09.2011	3936920
21.09.2011	3743313
22.09.2011	2663712
23.09.2011	2675820
24.09.2011	2687677
25.09.2011	2611305
26.09.2011	2416046
27.09.2011	2646141
28.09.2011	2475283
29.09.2011	2257795
30.09.2011	2415469
01.10.2011	2314940
02.10.2011	2095075
03.10.2011	2616161
04.10.2011	2536628
05.10.2011	2457054
06.10.2011	2599997
07.10.2011	2469797
08.10.2011	2283348
09.10.2011	2312234
10.10.2011	2422818
11.10.2011	2699091
12.10.2011	2585754
13.10.2011	2128818
14.10.2011	2632635
15.10.2011	2332060
16.10.2011	2150952
17.10.2011	2688313
18.10.2011	2128803
19.10.2011	2199325
20.10.2011	1873500
21.10.2011	1961836
22.10.2011	2160788
23.10.2011	2270952
24.10.2011	2447596
25.10.2011	2189026
26.10.2011	2222447
27.10.2011	1923254
28.10.2011	2245447
29.10.2011	2452810
30.10.2011	2054685
31.10.2011	2081891
01.11.2011	2313755
02.11.2011	2351290
03.11.2011	2424035
04.11.2011	2783995
05.11.2011	2500655
06.11.2011	1915623
07.11.2011	2382112
08.11.2011	2684374
09.11.2011	2730467
10.11.2011	2794431
11.11.2011	2253016
12.11.2011	2194806
13.11.2011	2127430
14.11.2011	2631451
15.11.2011	2703977
16.11.2011	2619979
17.11.2011	2249661
18.11.2011	2211581
19.11.2011	2060194
20.11.2011	2415213
21.11.2011	1954420
22.11.2011	2359266
23.11.2011	2271170
24.11.2011	2274111
25.11.2011	2280628
26.11.2011	2079069
27.11.2011	2060349
28.11.2011	2556796
29.11.2011	3006948
30.11.2011	3305571
01.12.2011	2964111
02.12.2011	2707281
03.12.2011	2486658
04.12.2011	2295513
05.12.2011	2608124
06.12.2011	3388079
07.12.2011	2686947
08.12.2011	2764778
09.12.2011	2364151
10.12.2011	2373933
11.12.2011	2670128
12.12.2011	2410908
13.12.2011	2461477
14.12.2011	2398797
15.12.2011	1931203
16.12.2011	2344783
17.12.2011	2179850
18.12.2011	1939618
19.12.2011	2752546
20.12.2011	3346408
21.12.2011	2432407
22.12.2011	2563203
23.12.2011	2362983
24.12.2011	1937438
25.12.2011	2242919
26.12.2011	2432155
27.12.2011	2339225
28.12.2011	2225434
29.12.2011	2319006
30.12.2011	2123851
31.12.2011	2452639
01.01.2012	2612161
02.01.2012	2887233
03.01.2012	2895675
04.01.2012	2883241
05.01.2012	3627557
06.01.2012	3719696
07.01.2012	3072932
08.01.2012	3328658
09.01.2012	3344167
10.01.2012	4183548
11.01.2012	4209990
12.01.2012	3131527
13.01.2012	3046446
14.01.2012	2995725
15.01.2012	2902815
16.01.2012	3448179
17.01.2012	3073451
18.01.2012	3176391
19.01.2012	3186241
20.01.2012	3026895
21.01.2012	3003741
22.01.2012	2260718
23.01.2012	2588936
24.01.2012	3349670
25.01.2012	3706189
26.01.2012	3049156
27.01.2012	3014871
28.01.2012	2775103
29.01.2012	3003893
30.01.2012	2716309
31.01.2012	3288910
01.02.2012	2941676
02.02.2012	3450436
03.02.2012	3281725
04.02.2012	3313395
05.02.2012	3020615
06.02.2012	2737458
07.02.2012	3033411
08.02.2012	3065485
09.02.2012	3367000
10.02.2012	3799497
11.02.2012	3474671
12.02.2012	3099721
13.02.2012	3616211
14.02.2012	4401042
15.02.2012	4025204
16.02.2012	4492217
17.02.2012	2858823
18.02.2012	2793341
19.02.2012	2607031
20.02.2012	2676000
21.02.2012	2962142
22.02.2012	3113798
23.02.2012	3746807
24.02.2012	3317997
25.02.2012	2997409
26.02.2012	2702395
27.02.2012	3013529
28.02.2012	3094675
29.02.2012	3050955
01.03.2012	3425868
02.03.2012	3756955
03.03.2012	2287475
04.03.2012	2949780
05.03.2012	3537005
06.03.2012	3204123
07.03.2012	2961968
08.03.2012	3111882
09.03.2012	3143564
10.03.2012	3024960
11.03.2012	2600568
12.03.2012	2971683
13.03.2012	3968650
14.03.2012	3579240
15.03.2012	3035079
16.03.2012	3092303
17.03.2012	3083941
18.03.2012	2620049
19.03.2012	3023387
20.03.2012	3043174
21.03.2012	3100665
22.03.2012	3039836
23.03.2012	2698245
24.03.2012	2724791
25.03.2012	2836115
26.03.2012	3186100
27.03.2012	3047870
28.03.2012	3342709
29.03.2012	3362509
30.03.2012	3137777
31.03.2012	2749915
01.04.2012	2630911
02.04.2012	3069050
03.04.2012	3628373
04.04.2012	3217187
05.04.2012	3500753
06.04.2012	3458380
07.04.2012	2728843
08.04.2012	2688829
09.04.2012	2948498
10.04.2012	3724666
11.04.2012	3711412
12.04.2012	3744952
13.04.2012	3235948
14.04.2012	3525994
15.04.2012	3169153
16.04.2012	4114007
17.04.2012	3919698
18.04.2012	4288210
19.04.2012	3711365
20.04.2012	4347086
21.04.2012	3419236
22.04.2012	2965544
23.04.2012	3358319
24.04.2012	3455314
25.04.2012	3473363
26.04.2012	4247673
27.04.2012	3380332
28.04.2012	3333769
29.04.2012	3393977
30.04.2012	4188033
01.05.2012	4789773
02.05.2012	4730208
03.05.2012	6115511
04.05.2012	6294602
05.05.2012	5702527
06.05.2012	5691923
07.05.2012	8101158
08.05.2012	7782446
09.05.2012	7937450
10.05.2012	5388641
11.05.2012	8525220
12.05.2012	7916541
13.05.2012	6433618
14.05.2012	12450432
15.05.2012	10054510
16.05.2012	8555466
17.05.2012	7882270
18.05.2012	10973185
19.05.2012	15587077
20.05.2012	13710329
21.05.2012	13897712
22.05.2012	10433238
23.05.2012	12203647
24.05.2012	11817692
25.05.2012	12632633
26.05.2012	10085880
27.05.2012	11574834
28.05.2012	13256143
29.05.2012	13300468
30.05.2012	11545987
31.05.2012	9509164
01.06.2012	12091567
02.06.2012	5796672
03.06.2012	14682177
04.06.2012	20188882
05.06.2012	18839321
06.06.2012	7319618
07.06.2012	14527961
08.06.2012	11052628
09.06.2012	14531739
10.06.2012	17050239
11.06.2012	14094136
12.06.2012	9185928
13.06.2012	24169988
14.06.2012	27986616
15.06.2012	24526789
16.06.2012	19552888
17.06.2012	18710285
18.06.2012	17472609
19.06.2012	16593532
20.06.2012	15263024
21.06.2012	12605696
22.06.2012	11132943
23.06.2012	10532163
24.06.2012	10259923
25.06.2012	12799182
26.06.2012	13194201
27.06.2012	13498171
28.06.2012	11708965
29.06.2012	9583368
30.06.2012	9522944
01.07.2012	8048663
02.07.2012	10428338
03.07.2012	9673328
04.07.2012	10139604
05.07.2012	9765089
06.07.2012	10564733
07.07.2012	10631118
08.07.2012	9067341
09.07.2012	10954166
10.07.2012	15261790
11.07.2012	13833312
12.07.2012	10700695
13.07.2012	11540126
14.07.2012	9905400
15.07.2012	11445269
16.07.2012	14158727
17.07.2012	15714261
18.07.2012	15118667
19.07.2012	14485516
20.07.2012	16457437
21.07.2012	14868115
22.07.2012	14229754
23.07.2012	13780390
24.07.2012	12334577
25.07.2012	11469499
26.07.2012	13364221
27.07.2012	11199178
28.07.2012	14410264
29.07.2012	14676121
30.07.2012	15761540
31.07.2012	17859754
01.08.2012	13261346
02.08.2012	14374280
03.08.2012	11827335
04.08.2012	12724835
05.08.2012	13676762
06.08.2012	14317430
07.08.2012	11683073
08.08.2012	16495135
09.08.2012	13091069
10.08.2012	11511424
11.08.2012	13105432
12.08.2012	14067739
13.08.2012	20409018
14.08.2012	14902732
15.08.2012	24067381
16.08.2012	19696338
17.08.2012	17401768
18.08.2012	15202650
19.08.2012	18232004
20.08.2012	15952589
21.08.2012	17130204
22.08.2012	15657977
23.08.2012	12721514
24.08.2012	12969609
25.08.2012	13642702
26.08.2012	12226939
27.08.2012	13796798
28.08.2012	12624625
29.08.2012	13747068
30.08.2012	14093556
31.08.2012	16576518
01.09.2012	16760453
02.09.2012	14200315
03.09.2012	16289244
04.09.2012	17762968
05.09.2012	17860257
06.09.2012	17815869
07.09.2012	14018533
08.09.2012	13363219
09.09.2012	12908117
10.09.2012	14280680
11.09.2012	16152893
12.09.2012	12110568
13.09.2012	13011716
14.09.2012	16186613
15.09.2012	11719583
16.09.2012	13078474
17.09.2012	10852405
18.09.2012	14264389
19.09.2012	14050432
20.09.2012	12936319
21.09.2012	13765949
22.09.2012	11382070
23.09.2012	12774639
24.09.2012	13113418
25.09.2012	9864559
26.09.2012	14454612
27.09.2012	12512112
28.09.2012	14744610
29.09.2012	11346838
30.09.2012	10110420
01.10.2012	12459335
02.10.2012	15246796
03.10.2012	13563503
04.10.2012	15678996
05.10.2012	15929770
06.10.2012	15447528
07.10.2012	16270914
08.10.2012	17271193
09.10.2012	16346452
10.10.2012	14215839
11.10.2012	12594426
12.10.2012	13371214
13.10.2012	15232911
14.10.2012	12987247
15.10.2012	14579342
16.10.2012	16218279
17.10.2012	15876250
18.10.2012	14468313
19.10.2012	12678074
20.10.2012	14657106
21.10.2012	18494079
22.10.2012	18848302
23.10.2012	15770538
24.10.2012	15371989
25.10.2012	13266352
26.10.2012	10850850
27.10.2012	8089764
28.10.2012	8785189
29.10.2012	11439992
30.10.2012	13887681
31.10.2012	13312447
01.11.2012	11093033
02.11.2012	13260739
03.11.2012	10953984
04.11.2012	11620159
05.11.2012	15450795
06.11.2012	14694417
07.11.2012	16706008
08.11.2012	15234303
09.11.2012	11748366
10.11.2012	12791792
11.11.2012	10487249
12.11.2012	11028996
13.11.2012	12241922
14.11.2012	13337195
15.11.2012	16397366
16.11.2012	17946998
17.11.2012	16684399
18.11.2012	15466858
19.11.2012	16638306
20.11.2012	16534254
21.11.2012	18492135
22.11.2012	14341016
23.11.2012	16331439
24.11.2012	13658051
25.11.2012	17289358
26.11.2012	16948426
27.11.2012	13191355
28.11.2012	17124215
29.11.2012	17407864
30.11.2012	13329930
01.12.2012	15324195
02.12.2012	9747860
03.12.2012	10352162
04.12.2012	15380065
05.12.2012	16453237
06.12.2012	17910918
07.12.2012	14398605
08.12.2012	14588563
09.12.2012	14718454
10.12.2012	17086315
11.12.2012	17026303
12.12.2012	17032303
13.12.2012	19767006
14.12.2012	17830988
15.12.2012	14411810
16.12.2012	15899401
17.12.2012	17669516
18.12.2012	22879608
19.12.2012	19446643
20.12.2012	16443507
21.12.2012	19338437
22.12.2012	21346355
23.12.2012	16372143
24.12.2012	17890540
25.12.2012	12531408
26.12.2012	18116681
27.12.2012	20489103
28.12.2012	21410343
29.12.2012	18015052
30.12.2012	19107472
31.12.2012	13990941
01.01.2013	14436593
02.01.2013	17466233
03.01.2013	17513054
04.01.2013	21709652
05.01.2013	16683400
06.01.2013	14600044
07.01.2013	17721124
08.01.2013	19868291
09.01.2013	19294442
10.01.2013	24073426
11.01.2013	21909266
12.01.2013	19908003
13.01.2013	21605781
14.01.2013	19969104
15.01.2013	19163848
16.01.2013	23687440
17.01.2013	22207094
18.01.2013	22419360
19.01.2013	24597368
20.01.2013	18285966
21.01.2013	18425163
22.01.2013	20860830
23.01.2013	21972148
24.01.2013	23536339
25.01.2013	22498703
26.01.2013	23739595
27.01.2013	24492708
28.01.2013	24758176
29.01.2013	24865958
30.01.2013	19499905
31.01.2013	24041308
01.02.2013	26331651
02.02.2013	24281797
03.02.2013	27769620
04.02.2013	25181194
05.02.2013	23665098
06.02.2013	18886988
07.02.2013	27381883
08.02.2013	27239969
09.02.2013	25650891
10.02.2013	24797682
11.02.2013	26222241
12.02.2013	26762744
13.02.2013	27089930
14.02.2013	23843661
15.02.2013	26123130
16.02.2013	23617678
17.02.2013	23705866
18.02.2013	23187347
19.02.2013	25522497
20.02.2013	28840019
21.02.2013	25043207
22.02.2013	28399750
23.02.2013	26760287
24.02.2013	24877469
25.02.2013	30560405
26.02.2013	29011789
27.02.2013	28146342
28.02.2013	29175626
01.03.2013	29886325
02.03.2013	26163578
03.03.2013	25303562
04.03.2013	29492605
05.03.2013	27046337
06.03.2013	30163103
07.03.2013	32305748
08.03.2013	25842543
09.03.2013	26518307
10.03.2013	33935092
11.03.2013	27969492
12.03.2013	24299092
13.03.2013	26312284
14.03.2013	27931081
15.03.2013	29697279
16.03.2013	17680319
17.03.2013	16924709
18.03.2013	20449667
19.03.2013	22530907
20.03.2013	21969119
21.03.2013	27709039
22.03.2013	29936961
23.03.2013	27183398
24.03.2013	24573881
25.03.2013	24286070
26.03.2013	24380601
27.03.2013	24991037
28.03.2013	32087343
29.03.2013	30955046
30.03.2013	32493977
31.03.2013	24997000
01.04.2013	27588830
02.04.2013	31770152
03.04.2013	32250935
04.04.2013	34134095
05.04.2013	30043567
06.04.2013	25859706
07.04.2013	33700938
08.04.2013	30256074
09.04.2013	31541085
10.04.2013	32188096
11.04.2013	34652288
12.04.2013	28347454
13.04.2013	24260243
14.04.2013	26813389
15.04.2013	26562889
16.04.2013	32085359
17.04.2013	28024261
18.04.2013	21241629
19.04.2013	28999308
20.04.2013	24253515
21.04.2013	21671647
22.04.2013	22511250
23.04.2013	29321666
24.04.2013	33961970
25.04.2013	30223091
26.04.2013	26962164
27.04.2013	21641548
28.04.2013	21597536
29.04.2013	25676453
30.04.2013	27042465
01.05.2013	25727393
02.05.2013	26388234
03.05.2013	24999318
04.05.2013	25116891
05.05.2013	25186659
06.05.2013	27088540
07.05.2013	28735146
08.05.2013	25837956
09.05.2013	31016605
10.05.2013	32790392
11.05.2013	34695399
12.05.2013	30605728
13.05.2013	29370446
14.05.2013	31095277
15.05.2013	30736977
16.05.2013	29768952
17.05.2013	28015240
18.05.2013	24964632
19.05.2013	22085086
20.05.2013	23345555
21.05.2013	26275853
22.05.2013	24788215
23.05.2013	28235750
24.05.2013	26872166
25.05.2013	24588034
26.05.2013	21743445
27.05.2013	26151322
28.05.2013	26795403
29.05.2013	26892403
30.05.2013	27981476
31.05.2013	25787894
01.06.2013	26596552
02.06.2013	24146934
03.06.2013	26941797
04.06.2013	27646031
05.06.2013	27198821
06.06.2013	25978546
07.06.2013	24931807
08.06.2013	22249101
09.06.2013	21313866
10.06.2013	20660095
11.06.2013	22175802
12.06.2013	21573225
13.06.2013	20109451
14.06.2013	23524868
15.06.2013	16715724
16.06.2013	19703574
17.06.2013	20768242
18.06.2013	20937269
19.06.2013	21803833
20.06.2013	24396007
21.06.2013	22202189
22.06.2013	20713044
23.06.2013	17629133
24.06.2013	20321183
25.06.2013	20099543
26.06.2013	21013597
27.06.2013	21289071
28.06.2013	22885217
29.06.2013	17879316
30.06.2013	14178762
01.07.2013	17799423
02.07.2013	17957681
03.07.2013	15837711
04.07.2013	16056907
05.07.2013	16794997
06.07.2013	15773436
07.07.2013	14163674
08.07.2013	18153122
09.07.2013	19119632
10.07.2013	18142081
11.07.2013	20058324
12.07.2013	23412083
13.07.2013	18142158
14.07.2013	16754549
15.07.2013	17218211
16.07.2013	18198318
17.07.2013	18567169
18.07.2013	18856393
19.07.2013	16577830
20.07.2013	15450057
21.07.2013	16528811
22.07.2013	18139277
23.07.2013	17521382
24.07.2013	19877316
25.07.2013	20480288
26.07.2013	17334076
27.07.2013	17155660
28.07.2013	17479805
29.07.2013	19724655
30.07.2013	19708660
31.07.2013	23772142
01.08.2013	23986021
02.08.2013	22985769
03.08.2013	21318295
04.08.2013	20296723
05.08.2013	23017657
06.08.2013	23926193
07.08.2013	25163195
08.08.2013	25928096
09.08.2013	21871927
10.08.2013	23657662
11.08.2013	17483543
12.08.2013	28977191
13.08.2013	25400302
14.08.2013	24451056
15.08.2013	27741336
16.08.2013	30667147
17.08.2013	24657813
18.08.2013	25342627
19.08.2013	31498769
20.08.2013	28779177
21.08.2013	27075335
22.08.2013	28681938
23.08.2013	26088394
24.08.2013	24011487
25.08.2013	21586923
26.08.2013	25039798
27.08.2013	29758845
28.08.2013	28469020
29.08.2013	25158867
30.08.2013	28490079
31.08.2013	21884391
01.09.2013	21018707
02.09.2013	22822841
03.09.2013	25389034
04.09.2013	23964885
05.09.2013	25526079
06.09.2013	27198237
07.09.2013	22731335
08.09.2013	20635342
09.09.2013	25086284
10.09.2013	23981466
11.09.2013	21444533
12.09.2013	24362978
13.09.2013	20593470
14.09.2013	19634659
15.09.2013	25313709
16.09.2013	24886324
17.09.2013	29656394
18.09.2013	27077414
19.09.2013	26006920
20.09.2013	26222308
21.09.2013	23523704
22.09.2013	22891138
23.09.2013	29047668
24.09.2013	27991594
25.09.2013	24210762
26.09.2013	26062667
27.09.2013	21977690
28.09.2013	20101578
29.09.2013	19544585
30.09.2013	21775844
01.10.2013	26107612
02.10.2013	30938003
03.10.2013	28913279
04.10.2013	23427017
05.10.2013	21101760
06.10.2013	20888505
07.10.2013	22713639
08.10.2013	20516820
09.10.2013	23810425
10.10.2013	26441032
11.10.2013	23621961
12.10.2013	23006201
13.10.2013	26168906
14.10.2013	28351706
15.10.2013	26215964
16.10.2013	24682312
17.10.2013	22284239
18.10.2013	27493229
19.10.2013	28991161
20.10.2013	24217748
21.10.2013	29509705
22.10.2013	32963405
23.10.2013	29796908
24.10.2013	34182696
25.10.2013	29894078
26.10.2013	23096573
27.10.2013	20873193
28.10.2013	23740474
29.10.2013	23308141
30.10.2013	24305741
31.10.2013	28556231
01.11.2013	22115590
02.11.2013	21345207
03.11.2013	19974887
04.11.2013	23425823
05.11.2013	27267811
06.11.2013	30183816
07.11.2013	31600205
08.11.2013	30793807
09.11.2013	29545835
10.11.2013	29768808
11.11.2013	28186412
12.11.2013	28453891
13.11.2013	31098348
14.11.2013	33607973
15.11.2013	29164539
16.11.2013	22785889
17.11.2013	26088056
18.11.2013	39814434
19.11.2013	50314147
20.11.2013	38254220
21.11.2013	41105352
22.11.2013	39043577
23.11.2013	35607014
24.11.2013	30819688
25.11.2013	32920178
26.11.2013	39970769
27.11.2013	45853911
28.11.2013	45002237
29.11.2013	43257170
30.11.2013	35257264
01.12.2013	36806589
02.12.2013	36738219
03.12.2013	37084678
04.12.2013	39828327
05.12.2013	40500983
06.12.2013	35147192
07.12.2013	32134565
08.12.2013	23507433
09.12.2013	30376994
10.12.2013	36818415
11.12.2013	32327576
12.12.2013	27803412
13.12.2013	30840423
14.12.2013	33124512
15.12.2013	30445245
16.12.2013	36130951
17.12.2013	34289591
18.12.2013	40610876
19.12.2013	33544513
20.12.2013	32611710
21.12.2013	28000741
22.12.2013	27391946
23.12.2013	28816302
24.12.2013	28274271
25.12.2013	28564519
26.12.2013	29925932
27.12.2013	26917923
28.12.2013	26666068
29.12.2013	29360127
30.12.2013	30302398
31.12.2013	26591622
01.01.2014	21561163
02.01.2014	28549426
03.01.2014	31659530
04.01.2014	26086328
05.01.2014	32069105
06.01.2014	37775297
07.01.2014	31243616
08.01.2014	30475047
09.01.2014	29360989
10.01.2014	27439032
11.01.2014	29473781
12.01.2014	26169662
13.01.2014	28134689
14.01.2014	28277175
15.01.2014	29849208
16.01.2014	29514593
17.01.2014	28871024
18.01.2014	25152647
19.01.2014	24098112
20.01.2014	35940782
21.01.2014	36519229
22.01.2014	32990585
23.01.2014	32832159
24.01.2014	32307105
25.01.2014	27427399
26.01.2014	27064151
27.01.2014	32608567
28.01.2014	33237129
29.01.2014	29264454
30.01.2014	30722355
31.01.2014	30829898
01.02.2014	28655330
02.02.2014	29489032
03.02.2014	32731799
04.02.2014	38035657
05.02.2014	37118535
06.02.2014	38224185
07.02.2014	38000254
08.02.2014	34008006
09.02.2014	29050687
10.02.2014	32858722
11.02.2014	32690673
12.02.2014	44660812
13.02.2014	38754826
14.02.2014	42926080
15.02.2014	33685208
16.02.2014	28377479
17.02.2014	33596450
18.02.2014	36770493
19.02.2014	41157915
20.02.2014	40090238
21.02.2014	38838105
22.02.2014	33294960
23.02.2014	35364276
24.02.2014	43157001
25.02.2014	45345206
26.02.2014	42876782
27.02.2014	39076688
28.02.2014	42830876
01.03.2014	37619072
02.03.2014	33496919
03.03.2014	49195537
04.03.2014	53245881
05.03.2014	44221409
06.03.2014	42397589
07.03.2014	41341332
08.03.2014	35463864
09.03.2014	35759180
10.03.2014	41448642
11.03.2014	42237150
12.03.2014	43600261
13.03.2014	41604966
14.03.2014	40678843
15.03.2014	30706039
16.03.2014	28640867
17.03.2014	34057908
18.03.2014	25621999
19.03.2014	35660324
20.03.2014	38347921
21.03.2014	43566314
22.03.2014	41315430
23.03.2014	31011718
24.03.2014	40852644
25.03.2014	38706045
26.03.2014	38754463
27.03.2014	41323116
28.03.2014	38291586
29.03.2014	30271685
30.03.2014	32543064
31.03.2014	37706019
01.04.2014	37281646
02.04.2014	38660239
03.04.2014	35741182
04.04.2014	38621691
05.04.2014	32841825
06.04.2014	32079928
07.04.2014	36799018
08.04.2014	39219143
09.04.2014	39255702
10.04.2014	39434532
11.04.2014	37811686
12.04.2014	27377443
13.04.2014	30357982
14.04.2014	41713057
15.04.2014	43975035
16.04.2014	43099547
17.04.2014	37807556
18.04.2014	32889643
19.04.2014	30737741
20.04.2014	30187556
21.04.2014	32609428
22.04.2014	44370868
23.04.2014	39935758
24.04.2014	42255444
25.04.2014	41255519
26.04.2014	29346978
27.04.2014	32038048
28.04.2014	36324056
29.04.2014	38855789
30.04.2014	37035669
01.05.2014	33788278
02.05.2014	34059278
03.05.2014	28900843
04.05.2014	30436021
05.05.2014	37379939
06.05.2014	42528748
07.05.2014	38832417
08.05.2014	38623007
09.05.2014	36904921
10.05.2014	30565190
11.05.2014	33132967
12.05.2014	42081147
13.05.2014	37554693
14.05.2014	39496798
15.05.2014	42294078
16.05.2014	38014090
17.05.2014	32699993
18.05.2014	31899835
19.05.2014	40427368
20.05.2014	44063173
21.05.2014	41439666
22.05.2014	42101280
23.05.2014	41419095
24.05.2014	29710234
25.05.2014	35315224
26.05.2014	39479525
27.05.2014	40359472
28.05.2014	42094640
29.05.2014	38323462
30.05.2014	36761772
31.05.2014	30634145
01.06.2014	35880936
02.06.2014	38527993
03.06.2014	41798270
04.06.2014	37002026
05.06.2014	39969555
06.06.2014	37981938
07.06.2014	28586598
08.06.2014	31058351
09.06.2014	36288985
10.06.2014	39921411
11.06.2014	36759259
12.06.2014	39631877
13.06.2014	37662498
14.06.2014	31245983
15.06.2014	32642327
16.06.2014	40692615
17.06.2014	39490012
18.06.2014	37107391
19.06.2014	37803032
20.06.2014	33188851
21.06.2014	31273612
22.06.2014	31838635
23.06.2014	35967510
24.06.2014	37985911
25.06.2014	38067281
26.06.2014	35185742
27.06.2014	36257228
28.06.2014	32457695
29.06.2014	30906342
30.06.2014	42999078
01.07.2014	43810468
02.07.2014	39960312
03.07.2014	37150186
04.07.2014	32830409
05.07.2014	27989706
06.07.2014	33013208
07.07.2014	38142050
08.07.2014	42809147
09.07.2014	42593648
10.07.2014	37819581
11.07.2014	36421992
12.07.2014	30442775
13.07.2014	34061704
14.07.2014	35509787
15.07.2014	41127152
16.07.2014	37366894
17.07.2014	38914224
18.07.2014	38616475
19.07.2014	33876858
20.07.2014	33175905
21.07.2014	37794835
22.07.2014	38560259
23.07.2014	38049969
24.07.2014	38614470
25.07.2014	37598888
26.07.2014	30589833
27.07.2014	33454736
28.07.2014	38122955
29.07.2014	35992859
30.07.2014	39680577
31.07.2014	40876556
01.08.2014	38196340
02.08.2014	31002980
03.08.2014	30566657
04.08.2014	38567107
05.08.2014	43730056
06.08.2014	47166049
07.08.2014	39965929
08.08.2014	39922631
09.08.2014	34791546
10.08.2014	36563978
11.08.2014	45032506
12.08.2014	44638632
13.08.2014	45930306
14.08.2014	46678139
15.08.2014	42685398
16.08.2014	49089316
17.08.2014	36095034
18.08.2014	41700774
19.08.2014	41241883
20.08.2014	41067697
21.08.2014	41511285
22.08.2014	38933385
23.08.2014	31675262
24.08.2014	35354545
25.08.2014	39802818
26.08.2014	42327306
27.08.2014	42893893
28.08.2014	38839872
29.08.2014	35984257
30.08.2014	33912490
31.08.2014	33765443
01.09.2014	40305326
02.09.2014	41521919
03.09.2014	40314352
04.09.2014	39486349
05.09.2014	39551007
06.09.2014	35027009
07.09.2014	39120347
08.09.2014	42734923
09.09.2014	51472708
10.09.2014	48206629
11.09.2014	36777972
12.09.2014	37327246
13.09.2014	32824276
14.09.2014	43421818
15.09.2014	45662377
16.09.2014	50669464
17.09.2014	44760020
18.09.2014	42369830
19.09.2014	37851339
20.09.2014	36678699
21.09.2014	35751388
22.09.2014	43745235
23.09.2014	46436390
24.09.2014	44539444
25.09.2014	48775233
26.09.2014	41555404
27.09.2014	39185073
28.09.2014	42717018
29.09.2014	44207962
30.09.2014	45464057
01.10.2014	46536326
02.10.2014	41255004
03.10.2014	42476843
04.10.2014	42630732
05.10.2014	45323784
06.10.2014	45085909
07.10.2014	45195172
08.10.2014	44388022
09.10.2014	44482813
10.10.2014	44239923
11.10.2014	35839903
12.10.2014	42358708
13.10.2014	45940157
14.10.2014	48600178
15.10.2014	44864976
16.10.2014	42171841
17.10.2014	41246013
18.10.2014	36907552
19.10.2014	41496723
20.10.2014	46315162
21.10.2014	47765223
22.10.2014	46038038
23.10.2014	46512581
24.10.2014	42881555
25.10.2014	41205909
26.10.2014	41653753
27.10.2014	50127380
28.10.2014	48825059
29.10.2014	49537592
30.10.2014	50777775
31.10.2014	47793523
01.11.2014	38595004
02.11.2014	48932413
03.11.2014	51335162
04.11.2014	49241331
05.11.2014	48364652
06.11.2014	53874101
07.11.2014	50792735
08.11.2014	40634067
09.11.2014	47408582
10.11.2014	50957052
11.11.2014	49770304
12.11.2014	54621095
13.11.2014	55262761
14.11.2014	49971032
15.11.2014	40327956
16.11.2014	47482931
17.11.2014	52950977
18.11.2014	49932236
19.11.2014	47743992
20.11.2014	49777203
21.11.2014	46651319
22.11.2014	40907829
23.11.2014	47380307
24.11.2014	50988487
25.11.2014	49971734
26.11.2014	46865607
27.11.2014	48817884
28.11.2014	48551292
29.11.2014	42964361
30.11.2014	57829203
01.12.2014	53998434
02.12.2014	58705314
03.12.2014	54987360
04.12.2014	55288736
05.12.2014	50547789
06.12.2014	44755457
07.12.2014	44204778
08.12.2014	57402923
09.12.2014	50982777
10.12.2014	49809823
11.12.2014	48447878
12.12.2014	46983647
13.12.2014	41517590
14.12.2014	51847059
15.12.2014	57905623
16.12.2014	62047501
17.12.2014	59112582
18.12.2014	55077530
19.12.2014	54594835
20.12.2014	51475230
21.12.2014	46537226
22.12.2014	57809642
23.12.2014	58760192
24.12.2014	44549719
25.12.2014	37185279
26.12.2014	41788092
27.12.2014	44227193
28.12.2014	47323463
29.12.2014	46603277
30.12.2014	46688320
31.12.2014	41001620
01.01.2015	30934813
02.01.2015	43747659
03.01.2015	47814088
04.01.2015	48545836
05.01.2015	56309875
06.01.2015	49638202
07.01.2015	47992775
08.01.2015	57444196
09.01.2015	56889868
10.01.2015	58563668
11.01.2015	51664894
12.01.2015	55155768
13.01.2015	60153381
14.01.2015	60973472
15.01.2015	63828537
16.01.2015	54790292
17.01.2015	53968469
18.01.2015	49085463
19.01.2015	57999747
20.01.2015	53125845
21.01.2015	52768843
22.01.2015	53529422
23.01.2015	48411756
24.01.2015	46914807
25.01.2015	57198728
26.01.2015	62414866
27.01.2015	57318342
28.01.2015	44876053
29.01.2015	46304642
30.01.2015	43159075
31.01.2015	52266440
01.02.2015	46570969
02.02.2015	49039989
03.02.2015	51316217
04.02.2015	49460584
05.02.2015	47395718
06.02.2015	46180828
07.02.2015	45306348
08.02.2015	53678408
09.02.2015	58966322
10.02.2015	57247541
11.02.2015	54954290
12.02.2015	50141631
13.02.2015	73181410
14.02.2015	66564954
15.02.2015	65638649
16.02.2015	65147776
17.02.2015	66406679
18.02.2015	60296854
19.02.2015	52443861
20.02.2015	60442863
21.02.2015	57014738
22.02.2015	53797391
23.02.2015	57470528
24.02.2015	56196921
25.02.2015	56571524
26.02.2015	54605596
27.02.2015	57092535
28.02.2015	62779184
01.03.2015	55262682
02.03.2015	64550317
03.03.2015	64201534
04.03.2015	56239183
05.03.2015	62950817
06.03.2015	57968623
07.03.2015	54250090
08.03.2015	54897722
09.03.2015	64254792
10.03.2015	60877088
11.03.2015	62727147
12.03.2015	60501109
13.03.2015	54508835
14.03.2015	51635084
15.03.2015	50088284
16.03.2015	59833970
17.03.2015	52670920
18.03.2015	57776111
19.03.2015	62627940
20.03.2015	55490962
21.03.2015	52165543
22.03.2015	55449816
23.03.2015	60339658
24.03.2015	50655322
25.03.2015	50633724
26.03.2015	54469537
27.03.2015	51489027
28.03.2015	50600377
29.03.2015	53966847
30.03.2015	58996885
31.03.2015	60063147
01.04.2015	61956803
02.04.2015	60953271
03.04.2015	59836758
04.04.2015	52022810
05.04.2015	55941705
06.04.2015	59084191
07.04.2015	59888304
08.04.2015	57797825
09.04.2015	58413208
10.04.2015	57051383
11.04.2015	54914299
12.04.2015	47528033
13.04.2015	64594628
14.04.2015	59059424
15.04.2015	54702672
16.04.2015	50392614
17.04.2015	53267154
18.04.2015	53734790
19.04.2015	53328130
20.04.2015	60421302
21.04.2015	58315439
22.04.2015	59775059
23.04.2015	59515204
24.04.2015	61175042
25.04.2015	53575951
26.04.2015	54535317
27.04.2015	59793919
28.04.2015	59071390
29.04.2015	62871844
30.04.2015	58754209
01.05.2015	50116557
02.05.2015	54595790
03.05.2015	48760422
04.05.2015	56037743
05.05.2015	59406871
06.05.2015	58490262
07.05.2015	59345507
08.05.2015	59961049
09.05.2015	49191201
10.05.2015	54478574
11.05.2015	62166546
12.05.2015	60408656
13.05.2015	57548245
14.05.2015	52248905
15.05.2015	54390373
16.05.2015	51350538
17.05.2015	53326557
18.05.2015	54036739
19.05.2015	58545516
20.05.2015	56600611
21.05.2015	51823263
22.05.2015	56879889
23.05.2015	48562126
24.05.2015	58236525
25.05.2015	60033499
26.05.2015	60351928
27.05.2015	60431266
28.05.2015	59783804
29.05.2015	65027216
30.05.2015	65288822
31.05.2015	56197017
01.06.2015	70103250
02.06.2015	70326266
03.06.2015	67003256
04.06.2015	61000891
05.06.2015	58220943
06.06.2015	51173682
07.06.2015	53066851
08.06.2015	58444654
09.06.2015	63362231
10.06.2015	82892282
11.06.2015	61990880
12.06.2015	68047498
13.06.2015	59648423
14.06.2015	60236963
15.06.2015	73862226
16.06.2015	67705548
17.06.2015	80775475
18.06.2015	75569200
19.06.2015	75838577
20.06.2015	58985628
21.06.2015	57021658
22.06.2015	90153373
23.06.2015	73027174
24.06.2015	60148083
25.06.2015	54542025
26.06.2015	64199127
27.06.2015	62617589
28.06.2015	58195929
29.06.2015	68195889
30.06.2015	86772911
01.07.2015	85653651
02.07.2015	73448051
03.07.2015	69272593
04.07.2015	58989102
05.07.2015	62794979
06.07.2015	91904271
07.07.2015	103047898
08.07.2015	118681248
09.07.2015	99049487
10.07.2015	99244728
11.07.2015	110479447
12.07.2015	104876113
13.07.2015	106253319
14.07.2015	103105000
15.07.2015	101408345
16.07.2015	93714990
17.07.2015	99460492
18.07.2015	97543970
19.07.2015	97266855
20.07.2015	68488532
21.07.2015	68004639
22.07.2015	71315681
23.07.2015	56191516
24.07.2015	63593592
25.07.2015	54624758
26.07.2015	62463054
27.07.2015	79283636
28.07.2015	78127580
29.07.2015	127714101
30.07.2015	104205454
31.07.2015	114170596
01.08.2015	113125782
02.08.2015	64655436
03.08.2015	71430691
04.08.2015	108470847
05.08.2015	106528620
06.08.2015	112278817
07.08.2015	68253530
08.08.2015	56415845
09.08.2015	52334696
10.08.2015	75217772
11.08.2015	66487238
12.08.2015	63403679
13.08.2015	65275260
14.08.2015	61538350
15.08.2015	53632516
16.08.2015	52244404
17.08.2015	62529084
18.08.2015	67590808
19.08.2015	64652064
20.08.2015	61115878
21.08.2015	60397405
22.08.2015	59762209
23.08.2015	54776113
24.08.2015	72012381
25.08.2015	65616537
26.08.2015	61944678
27.08.2015	60086868
28.08.2015	64015744
29.08.2015	56167560
30.08.2015	55816032
31.08.2015	71322964
01.09.2015	69583934
02.09.2015	120911019
03.09.2015	72225902
04.09.2015	55452794
05.09.2015	65917324
06.09.2015	59229862
07.09.2015	72591797
08.09.2015	94150437
09.09.2015	108524893
10.09.2015	119466941
11.09.2015	110296956
12.09.2015	89387648
13.09.2015	94132405
14.09.2015	112874176
15.09.2015	111644938
16.09.2015	95970502
17.09.2015	101558568
18.09.2015	81841650
19.09.2015	58657877
20.09.2015	61342537
21.09.2015	79514398
22.09.2015	76350247
23.09.2015	72645365
24.09.2015	68279249
25.09.2015	70329640
26.09.2015	64344536
27.09.2015	65867173
28.09.2015	73604692
29.09.2015	80864837
30.09.2015	76080942
01.10.2015	68128121
02.10.2015	72869385
03.10.2015	56948934
04.10.2015	57023799
05.10.2015	64758063
06.10.2015	77055927
07.10.2015	91304445
08.10.2015	92151531
09.10.2015	74977015
10.10.2015	101221070
11.10.2015	79011475
12.10.2015	81664191
13.10.2015	76061942
14.10.2015	79971078
15.10.2015	89322965
16.10.2015	83226994
17.10.2015	81570018
18.10.2015	77237838
19.10.2015	84237504
20.10.2015	88237236
21.10.2015	81402067
22.10.2015	80916697
23.10.2015	82795984
24.10.2015	76182560
25.10.2015	81723093
26.10.2015	78298525
27.10.2015	80351359
28.10.2015	82398177
29.10.2015	89340967
30.10.2015	88505503
31.10.2015	79418337
01.11.2015	82917388
02.11.2015	95752044
03.11.2015	105958235
04.11.2015	121539735
05.11.2015	106576594
06.11.2015	95418260
07.11.2015	81491957
08.11.2015	76174062
09.11.2015	92901533
10.11.2015	88594518
11.11.2015	88122117
12.11.2015	84464895
13.11.2015	78927547
14.11.2015	76938074
15.11.2015	79743068
16.11.2015	90211127
17.11.2015	83083172
18.11.2015	91556388
19.11.2015	82942424
20.11.2015	84390336
21.11.2015	81583070
22.11.2015	75192455
23.11.2015	84062647
24.11.2015	81592928
25.11.2015	82674743
26.11.2015	94491554
27.11.2015	86392017
28.11.2015	84889284
29.11.2015	67572597
30.11.2015	108946924
01.12.2015	94701349
02.12.2015	105613523
03.12.2015	91332393
04.12.2015	90075970
05.12.2015	100474246
06.12.2015	94510627
07.12.2015	101163145
08.12.2015	107981592
09.12.2015	115537607
10.12.2015	114961246
11.12.2015	101960964
12.12.2015	111646354
13.12.2015	97813941
14.12.2015	122842930
15.12.2015	113714721
16.12.2015	110238942
17.12.2015	104874212
18.12.2015	103404210
19.12.2015	102561094
20.12.2015	99010972
21.12.2015	114212633
22.12.2015	112469016
23.12.2015	107848101
24.12.2015	100689185
25.12.2015	85575500
26.12.2015	92824845
27.12.2015	91697767
28.12.2015	99073496
29.12.2015	98750835
30.12.2015	91422946
31.12.2015	78795102
01.01.2016	66609963
02.01.2016	84062840
03.01.2016	80425082
04.01.2016	100811640
05.01.2016	100759295
06.01.2016	93395603
07.01.2016	103593204
08.01.2016	100971339
09.01.2016	96438477
10.01.2016	91423838
11.01.2016	111584771
12.01.2016	103175907
13.01.2016	100100637
14.01.2016	95569327
15.01.2016	95831460
16.01.2016	105914451
17.01.2016	113863943
18.01.2016	115133019
19.01.2016	102920482
20.01.2016	131038441
21.01.2016	115107303
22.01.2016	116486607
23.01.2016	102298780
24.01.2016	105863616
25.01.2016	116535667
26.01.2016	118844110
27.01.2016	115322584
28.01.2016	116372110
29.01.2016	116102570
30.01.2016	106131490
31.01.2016	100371200
01.02.2016	125092097
02.02.2016	144700314
03.02.2016	115591674
04.02.2016	110514905
05.02.2016	121597314
06.02.2016	120629945
07.02.2016	123232543
08.02.2016	121220261
09.02.2016	122523553
10.02.2016	121103080
11.02.2016	122745260
12.02.2016	105180523
13.02.2016	98364704
14.02.2016	103702188
15.02.2016	115910305
16.02.2016	104940068
17.02.2016	119963963
18.02.2016	110001207
19.02.2016	111231826
20.02.2016	110665489
21.02.2016	108257594
22.02.2016	114076493
23.02.2016	120113824
24.02.2016	108343410
25.02.2016	123848895
26.02.2016	107132893
27.02.2016	99063169
28.02.2016	104059936
29.02.2016	121468795
01.03.2016	127610061
02.03.2016	141344024
03.03.2016	124312415
04.03.2016	121918613
05.03.2016	117005580
06.03.2016	93070718
07.03.2016	94209279
08.03.2016	104776474
09.03.2016	125013289
10.03.2016	104932958
11.03.2016	98291340
12.03.2016	82663093
13.03.2016	84849324
14.03.2016	110385509
15.03.2016	106935867
16.03.2016	101669812
17.03.2016	105293428
18.03.2016	100585430
19.03.2016	87052395
20.03.2016	96462698
21.03.2016	104844751
22.03.2016	105679040
23.03.2016	100544232
24.03.2016	99095640
25.03.2016	91106258
26.03.2016	95670050
27.03.2016	88753379
28.03.2016	114670594
29.03.2016	131322550
30.03.2016	110089356
31.03.2016	104803821
01.04.2016	117569335
02.04.2016	111041430
03.04.2016	103241514
04.04.2016	111167934
05.04.2016	114960265
06.04.2016	110910583
07.04.2016	105395795
08.04.2016	103400020
09.04.2016	102912904
10.04.2016	95720814
11.04.2016	117958509
12.04.2016	123680686
13.04.2016	115991452
14.04.2016	117140660
15.04.2016	110168493
16.04.2016	93112976
17.04.2016	104167997
18.04.2016	112242252
19.04.2016	112480000
20.04.2016	114992771
21.04.2016	110500359
22.04.2016	110812430
23.04.2016	94271233
24.04.2016	96101254
25.04.2016	111059607
26.04.2016	122790133
27.04.2016	112919288
28.04.2016	121159767
29.04.2016	128429899
30.04.2016	110602082
01.05.2016	96986228
02.05.2016	117920419
03.05.2016	117512680
04.05.2016	118077259
05.05.2016	109201332
06.05.2016	111114063
07.05.2016	96978383
08.05.2016	97130052
09.05.2016	109139567
10.05.2016	114851619
11.05.2016	108131098
12.05.2016	108419162
13.05.2016	115929473
14.05.2016	116977382
15.05.2016	108099877
16.05.2016	127853664
17.05.2016	122378517
18.05.2016	133680961
19.05.2016	114657897
20.05.2016	116467085
21.05.2016	125672941
22.05.2016	111059049
23.05.2016	116328686
24.05.2016	124945206
25.05.2016	120134308
26.05.2016	110764673
27.05.2016	131790156
28.05.2016	114827512
29.05.2016	99971510
30.05.2016	128410926
31.05.2016	110111538
01.06.2016	120021558
02.06.2016	114103699
03.06.2016	118223299
04.06.2016	100026165
05.06.2016	103908376
06.06.2016	119927707
07.06.2016	112504403
08.06.2016	115522564
09.06.2016	118902480
10.06.2016	118461966
11.06.2016	108594845
12.06.2016	121186940
13.06.2016	147412043
14.06.2016	126086432
15.06.2016	139406854
16.06.2016	142697854
17.06.2016	138682307
18.06.2016	137101008
19.06.2016	127990039
20.06.2016	127968007
21.06.2016	136321591
22.06.2016	121988051
23.06.2016	128771420
24.06.2016	121605295
25.06.2016	128400847
26.06.2016	111285833
27.06.2016	114249498
28.06.2016	112484797
29.06.2016	111625647
30.06.2016	119626572
01.07.2016	116149416
02.07.2016	103527757
03.07.2016	94655917
04.07.2016	111638301
05.07.2016	114428119
06.07.2016	111656720
07.07.2016	112545555
08.07.2016	113077520
09.07.2016	98049924
10.07.2016	91386935
11.07.2016	113439997
12.07.2016	110943100
13.07.2016	105782992
14.07.2016	112579683
15.07.2016	106679332
16.07.2016	108091120
17.07.2016	105694076
18.07.2016	121226236
19.07.2016	110181030
20.07.2016	119817640
21.07.2016	107633260
22.07.2016	111454597
23.07.2016	108245567
24.07.2016	98152375
25.07.2016	119209339
26.07.2016	119072994
27.07.2016	117988793
28.07.2016	119033133
29.07.2016	120888679
30.07.2016	103549096
31.07.2016	122364078
01.08.2016	124569925
02.08.2016	132338654
03.08.2016	131314757
04.08.2016	119453622
05.08.2016	118476780
06.08.2016	102794604
07.08.2016	113711532
08.08.2016	124208432
09.08.2016	109186311
10.08.2016	126027881
11.08.2016	129070982
12.08.2016	119985859
13.08.2016	108413761
14.08.2016	104279759
15.08.2016	118226381
16.08.2016	124210107
17.08.2016	116825549
18.08.2016	123024288
19.08.2016	121783559
20.08.2016	110677554
21.08.2016	100230318
22.08.2016	124010846
23.08.2016	121858828
24.08.2016	114955948
25.08.2016	112847253
26.08.2016	111462429
27.08.2016	98913974
28.08.2016	92496213
29.08.2016	120529385
30.08.2016	128449334
31.08.2016	111855972
01.09.2016	118894295
02.09.2016	111177580
03.09.2016	97012715
04.09.2016	103704634
05.09.2016	123241840
06.09.2016	117905140
07.09.2016	123018439
08.09.2016	117231435
09.09.2016	115450843
10.09.2016	100223519
11.09.2016	97041588
12.09.2016	112604994
13.09.2016	128843759
14.09.2016	119216272
15.09.2016	115958737
16.09.2016	107673161
17.09.2016	122964582
18.09.2016	98354542
19.09.2016	111060484
20.09.2016	118181209
21.09.2016	118084398
22.09.2016	107524077
23.09.2016	109515503
24.09.2016	105557222
25.09.2016	105617598
26.09.2016	117937665
27.09.2016	127627975
28.09.2016	115781311
29.09.2016	119092742
30.09.2016	119756751
01.10.2016	111670496
02.10.2016	101313035
03.10.2016	130547673
04.10.2016	130182345
05.10.2016	131748310
06.10.2016	133211494
07.10.2016	124051855
08.10.2016	128649860
09.10.2016	109160440
10.10.2016	106444298
11.10.2016	128309325
12.10.2016	124494613
13.10.2016	116741080
14.10.2016	116782478
15.10.2016	110994520
16.10.2016	98656699
17.10.2016	116209166
18.10.2016	130486535
19.10.2016	100925218
20.10.2016	130975846
21.10.2016	129738091
22.10.2016	118287070
23.10.2016	114096513
24.10.2016	126750949
25.10.2016	131206039
26.10.2016	134466944
27.10.2016	158375359
28.10.2016	124110144
29.10.2016	115182916
30.10.2016	105235851
31.10.2016	119214688
01.11.2016	123415439
02.11.2016	120193307
03.11.2016	129054941
04.11.2016	110908551
05.11.2016	116490741
06.11.2016	111810666
07.11.2016	129460945
08.11.2016	146398944
09.11.2016	131094394
10.11.2016	135162235
11.11.2016	123034447
12.11.2016	119347737
13.11.2016	109822698
14.11.2016	135919215
15.11.2016	133288207
16.11.2016	135320569
17.11.2016	142845444
18.11.2016	137994111
19.11.2016	121108121
20.11.2016	115495198
21.11.2016	128226526
22.11.2016	128490565
23.11.2016	139808255
24.11.2016	154177679
25.11.2016	143303004
26.11.2016	144584650
27.11.2016	118296629
28.11.2016	149094264
29.11.2016	135020295
30.11.2016	129539140
01.12.2016	131328356
02.12.2016	139649336
03.12.2016	151508259
04.12.2016	126835877
05.12.2016	134168624
06.12.2016	144414164
07.12.2016	153849653
08.12.2016	133477897
09.12.2016	125593713
10.12.2016	118599587
11.12.2016	127915448
12.12.2016	125738284
13.12.2016	145052446
14.12.2016	125326274
15.12.2016	121339151
16.12.2016	128560034
17.12.2016	117652853
18.12.2016	121459709
19.12.2016	138130965
20.12.2016	133912387
21.12.2016	153270536
22.12.2016	146253955
23.12.2016	134974418
24.12.2016	117119862
25.12.2016	106940761
26.12.2016	121532586
27.12.2016	136755695
28.12.2016	142430752
29.12.2016	141059673
30.12.2016	136858129
31.12.2016	118979502
01.01.2017	108972204
02.01.2017	150235545
03.01.2017	148678057
04.01.2017	150867668
05.01.2017	137787565
06.01.2017	158477224
07.01.2017	136239912
08.01.2017	135340046
09.01.2017	125528430
10.01.2017	153555278
11.01.2017	141221502
12.01.2017	137888699
13.01.2017	126073198
14.01.2017	127755862
15.01.2017	113070299
16.01.2017	128158581
17.01.2017	142238236
18.01.2017	134076376
19.01.2017	145180161
20.01.2017	136509558
21.01.2017	125449079
22.01.2017	117373402
23.01.2017	125398334
24.01.2017	145074998
25.01.2017	147188233
26.01.2017	153936345
27.01.2017	142405567
28.01.2017	133374784
29.01.2017	144036105
30.01.2017	137536101
31.01.2017	139134217
01.02.2017	184759570
02.02.2017	143491185
03.02.2017	144652061
04.02.2017	137110525
05.02.2017	152313192
06.02.2017	122400165
07.02.2017	142797794
08.02.2017	140324793
09.02.2017	161569124
10.02.2017	142229145
11.02.2017	133948921
12.02.2017	122144290
13.02.2017	148405332
14.02.2017	149519922
15.02.2017	130672276
16.02.2017	147066076
17.02.2017	146330355
18.02.2017	145258834
19.02.2017	124738236
20.02.2017	140796749
21.02.2017	131054107
22.02.2017	134848121
23.02.2017	144106857
24.02.2017	158302181
25.02.2017	161377509
26.02.2017	164071652
27.02.2017	136101495
28.02.2017	148139805
01.03.2017	140997017
02.03.2017	150031136
03.03.2017	148778797
04.03.2017	130139301
05.03.2017	144545293
06.03.2017	137105624
07.03.2017	149153851
08.03.2017	139078646
09.03.2017	146786136
10.03.2017	154724130
11.03.2017	148638882
12.03.2017	148822702
13.03.2017	142516485
14.03.2017	150142100
15.03.2017	139725667
16.03.2017	151203800
17.03.2017	153314500
18.03.2017	147901272
19.03.2017	146694247
20.03.2017	132924680
21.03.2017	139444546
22.03.2017	156153459
23.03.2017	142833159
24.03.2017	153109006
25.03.2017	125010016
26.03.2017	112339352
27.03.2017	118925434
28.03.2017	152780977
29.03.2017	134297514
30.03.2017	157858216
31.03.2017	129671257
01.04.2017	127664458
02.04.2017	130235222
03.04.2017	154578572
04.04.2017	122232678
05.04.2017	156631068
06.04.2017	143728498
07.04.2017	158368949
08.04.2017	133496841
09.04.2017	147148441
10.04.2017	134882197
11.04.2017	160792926
12.04.2017	139524556
13.04.2017	123568498
14.04.2017	138320202
15.04.2017	148755167
16.04.2017	135403211
17.04.2017	128448535
18.04.2017	139508809
19.04.2017	140742484
20.04.2017	134410634
21.04.2017	162981867
22.04.2017	141089714
23.04.2017	144987553
24.04.2017	119423148
25.04.2017	142969528
26.04.2017	148693797
27.04.2017	142239843
28.04.2017	135547737
29.04.2017	168081664
30.04.2017	146755921
01.05.2017	146613134
02.05.2017	154877624
03.05.2017	131378395
04.05.2017	163135853
05.05.2017	124000717
06.05.2017	162108773
07.05.2017	161127686
08.05.2017	174265948
09.05.2017	153106911
10.05.2017	142104537
11.05.2017	129767764
12.05.2017	147005400
13.05.2017	150904224
14.05.2017	159914048
15.05.2017	165021037
16.05.2017	128562835
17.05.2017	152191701
18.05.2017	138394548
19.05.2017	159286774
20.05.2017	159590133
21.05.2017	145583464
22.05.2017	141152858
23.05.2017	164419108
24.05.2017	149464418
25.05.2017	159230750
26.05.2017	146692616
27.05.2017	166565434
28.05.2017	161367053
29.05.2017	147663012
30.05.2017	175527958
31.05.2017	160178218
01.06.2017	166216929
02.06.2017	143370338
03.06.2017	188362073
04.06.2017	158159746
05.06.2017	158166540
06.06.2017	149496704
07.06.2017	163700272
08.06.2017	160019344
09.06.2017	147004554
10.06.2017	136270189
11.06.2017	138039326
12.06.2017	142236417
13.06.2017	137777859
14.06.2017	135709881
15.06.2017	152140724
16.06.2017	145497031
17.06.2017	142927271
18.06.2017	135812417
19.06.2017	148933757
20.06.2017	133263181
21.06.2017	137628117
22.06.2017	137968321
23.06.2017	151820847
24.06.2017	138676458
25.06.2017	113182393
26.06.2017	140185857
27.06.2017	129683292
28.06.2017	152696196
29.06.2017	116020435
30.06.2017	147272415
01.07.2017	144768148
02.07.2017	146561660
03.07.2017	138680821
04.07.2017	137245555
05.07.2017	135521448
06.07.2017	135795262
07.07.2017	138684911
08.07.2017	141717724
09.07.2017	103447118
10.07.2017	147091608
11.07.2017	153988619
12.07.2017	156036856
13.07.2017	134287669
14.07.2017	125129048
15.07.2017	123823396
16.07.2017	136963964
17.07.2017	139902587
18.07.2017	158305599
19.07.2017	139955711
20.07.2017	150571893
21.07.2017	150383582
22.07.2017	148120669
23.07.2017	117536497
24.07.2017	159207492
25.07.2017	138269640
26.07.2017	142198807
27.07.2017	142235422
28.07.2017	137529511
29.07.2017	136935895
30.07.2017	119119592
31.07.2017	134374692
01.08.2017	108068453
02.08.2017	133468687
03.08.2017	119901950
04.08.2017	165422429
05.08.2017	155977992
06.08.2017	110100761
07.08.2017	144385767
08.08.2017	160596624
09.08.2017	131674897
10.08.2017	131491740
11.08.2017	139272610
12.08.2017	132288529
13.08.2017	145531383
14.08.2017	124184159
15.08.2017	148210625
16.08.2017	125674602
17.08.2017	175184007
18.08.2017	143038117
19.08.2017	145934729
20.08.2017	124988370
21.08.2017	112296005
22.08.2017	88837596
23.08.2017	156855196
24.08.2017	94819766
25.08.2017	93804658
26.08.2017	104812906
27.08.2017	153574312
28.08.2017	126587730
29.08.2017	148728390
30.08.2017	165206515
31.08.2017	160007570
01.09.2017	169107048
02.09.2017	132676167
03.09.2017	117928066
04.09.2017	162340636
05.09.2017	150422428
06.09.2017	146470000
07.09.2017	142567272
08.09.2017	159807850
09.09.2017	123663360
10.09.2017	108219994
11.09.2017	144307293
12.09.2017	133712970
13.09.2017	135618274
14.09.2017	139609001
15.09.2017	151951902
16.09.2017	118480362
17.09.2017	102337649
18.09.2017	115823036
19.09.2017	149255747
20.09.2017	110944710
21.09.2017	135061445
22.09.2017	111479077
23.09.2017	104659623
24.09.2017	95233321
25.09.2017	114551696
26.09.2017	132787893
27.09.2017	124800690
28.09.2017	149377728
29.09.2017	140745568
30.09.2017	108497449
01.10.2017	118670148
02.10.2017	150225359
03.10.2017	160282789
04.10.2017	112221565
05.10.2017	127254278
06.10.2017	146349291
07.10.2017	132168275
08.10.2017	139124422
09.10.2017	148367331
10.10.2017	154283614
11.10.2017	141237215
12.10.2017	149564077
13.10.2017	139467331
14.10.2017	144274223
15.10.2017	174284733
16.10.2017	159690873
17.10.2017	161798009
18.10.2017	153645745
19.10.2017	176939355
20.10.2017	177749261
21.10.2017	159132049
22.10.2017	182962093
23.10.2017	166241284
24.10.2017	173848944
25.10.2017	179389978
26.10.2017	131824168
27.10.2017	107322640
28.10.2017	85663587
29.10.2017	156773294
30.10.2017	151190843
31.10.2017	143105610
01.11.2017	162830743
02.11.2017	155609349
03.11.2017	124546111
04.11.2017	133672241
05.11.2017	147016070
06.11.2017	138925599
07.11.2017	160115293
08.11.2017	147863665
09.11.2017	156793486
10.11.2017	126001568
11.11.2017	84660106
12.11.2017	84249119
13.11.2017	145850292
14.11.2017	131508667
15.11.2017	158978416
16.11.2017	155463981
17.11.2017	172766272
18.11.2017	142498033
19.11.2017	166877892
20.11.2017	178269444
21.11.2017	182669689
22.11.2017	157696884
23.11.2017	165932399
24.11.2017	156243184
25.11.2017	163466176
26.11.2017	159460176
27.11.2017	178057430
28.11.2017	165797696
29.11.2017	184142758
30.11.2017	178406503
01.12.2017	195459494
02.12.2017	166844046
03.12.2017	184338007
04.12.2017	193362372
05.12.2017	188441219
06.12.2017	199100690
07.12.2017	158878942
08.12.2017	164011051
09.12.2017	182920334
10.12.2017	173259264
11.12.2017	181336603
12.12.2017	165564852
13.12.2017	196614029
14.12.2017	192739902
15.12.2017	178791652
16.12.2017	180675813
17.12.2017	192598768
18.12.2017	189650380
19.12.2017	148422316
20.12.2017	145900819
21.12.2017	137107356
22.12.2017	164659455
23.12.2017	147345277
24.12.2017	161749715
25.12.2017	141850704
26.12.2017	149144463
27.12.2017	166544787
28.12.2017	161397253
29.12.2017	172879363
30.12.2017	152421656
31.12.2017	169040286
01.01.2018	162767670
02.01.2018	178073859
03.01.2018	167285574
04.01.2018	179059894
05.01.2018	152671919
06.01.2018	177174339
07.01.2018	169733607
08.01.2018	174407624
09.01.2018	172954293
10.01.2018	175660366
11.01.2018	204023669
12.01.2018	187731039
13.01.2018	151181001
14.01.2018	162851954
15.01.2018	158899507
16.01.2018	166958621
17.01.2018	177389306
18.01.2018	181796855
19.01.2018	172978826
20.01.2018	196969209
21.01.2018	201491164
22.01.2018	180533363
23.01.2018	189451004
24.01.2018	188318936
25.01.2018	175431636
26.01.2018	161607231
27.01.2018	163052025
28.01.2018	162899397
29.01.2018	150689736
30.01.2018	164913948
31.01.2018	122011264
01.02.2018	168634108
02.02.2018	171776392
03.02.2018	157457564
04.02.2018	176306855
05.02.2018	204005692
06.02.2018	181479158
07.02.2018	151112857
08.02.2018	137327985
09.02.2018	145285994
10.02.2018	147975317
11.02.2018	152044792
12.02.2018	172854404
13.02.2018	169404810
14.02.2018	181834435
15.02.2018	139370240
16.02.2018	155372600
17.02.2018	144979560
18.02.2018	157588201
19.02.2018	163066620
20.02.2018	142528477
21.02.2018	166480992
22.02.2018	136924497
23.02.2018	148931360
24.02.2018	149044636
25.02.2018	121437585
26.02.2018	138506339
27.02.2018	162590744
28.02.2018	163403542
01.03.2018	176259686
02.03.2018	134326058
03.03.2018	175830033
04.03.2018	148422339
05.03.2018	151393017
06.03.2018	159464680
07.03.2018	160504540
08.03.2018	165146538
09.03.2018	150559338
10.03.2018	141840378
11.03.2018	155012067
12.03.2018	152473910
13.03.2018	141027789
14.03.2018	107227683
15.03.2018	110942371
16.03.2018	106652791
17.03.2018	76798757
18.03.2018	104987344
19.03.2018	105096929
20.03.2018	100823104
21.03.2018	101880916
22.03.2018	114088127
23.03.2018	110462841
24.03.2018	93062112
25.03.2018	76784336
26.03.2018	106862019
27.03.2018	116006267
28.03.2018	97814631
29.03.2018	103317980
30.03.2018	101319356
31.03.2018	86569789
01.04.2018	73414196
02.04.2018	88391451
03.04.2018	110153083
04.04.2018	106331912
05.04.2018	100814176
06.04.2018	113801371
07.04.2018	96988516
08.04.2018	69463734
09.04.2018	108557703
10.04.2018	112029130
11.04.2018	102764773
12.04.2018	127168034
13.04.2018	119255317
14.04.2018	109450707
15.04.2018	138146033
16.04.2018	136424163
17.04.2018	117904324
18.04.2018	107913764
19.04.2018	111392334
20.04.2018	112126251
21.04.2018	121525753
22.04.2018	89415557
23.04.2018	116680257
24.04.2018	153781385
25.04.2018	128292859
26.04.2018	124743618
27.04.2018	135751295
28.04.2018	108067162
29.04.2018	98511378
30.04.2018	116001525
01.05.2018	106376905
02.05.2018	122916939
03.05.2018	131056630
04.05.2018	134387026
05.05.2018	116964787
06.05.2018	103900945
07.05.2018	130155208
08.05.2018	127240201
09.05.2018	117268094
10.05.2018	112940011
11.05.2018	136597543
12.05.2018	106299053
13.05.2018	85299067
14.05.2018	115196964
15.05.2018	115541554
16.05.2018	108580888
17.05.2018	113553653
18.05.2018	124213463
19.05.2018	89359840
20.05.2018	79927136
21.05.2018	118593085
22.05.2018	105354596
23.05.2018	121183187
24.05.2018	103842761
25.05.2018	110010905
26.05.2018	79132040
27.05.2018	73591259
28.05.2018	110775774
29.05.2018	115669312
30.05.2018	108922274
31.05.2018	120170201
01.06.2018	119837904
02.06.2018	94687900
03.06.2018	125719349
04.06.2018	193228304
05.06.2018	148483910
06.06.2018	145777397
07.06.2018	154799429
08.06.2018	130088648
09.06.2018	90222292
10.06.2018	96426965
11.06.2018	111030586
12.06.2018	151515066
13.06.2018	130566188
14.06.2018	113813956
15.06.2018	122606017
16.06.2018	78657265
17.06.2018	77083902
18.06.2018	106388062
19.06.2018	140836733
20.06.2018	167090040
21.06.2018	104846383
22.06.2018	120086025
23.06.2018	85507627
24.06.2018	82890016
25.06.2018	144588810
26.06.2018	155868381
27.06.2018	131653212
28.06.2018	108240442
29.06.2018	112723508
30.06.2018	139214958
01.07.2018	103677842
02.07.2018	139244571
03.07.2018	129202773
04.07.2018	125337300
05.07.2018	107373506
06.07.2018	109673373
07.07.2018	83804769
08.07.2018	93569107
09.07.2018	144216488
10.07.2018	144752096
11.07.2018	135889955
12.07.2018	166261487
13.07.2018	159235177
14.07.2018	154212147
15.07.2018	102934830
16.07.2018	111456899
17.07.2018	144584350
18.07.2018	182086519
19.07.2018	125621525
20.07.2018	125555080
21.07.2018	98056548
22.07.2018	82135273
23.07.2018	147749615
24.07.2018	145872253
25.07.2018	170818185
26.07.2018	127276200
27.07.2018	148008101
28.07.2018	110061661
29.07.2018	91684557
30.07.2018	122085777
31.07.2018	139681465
01.08.2018	148581175
02.08.2018	123461583
03.08.2018	138448268
04.08.2018	101038463
05.08.2018	92496859
06.08.2018	137679258
07.08.2018	153485224
08.08.2018	127634373
09.08.2018	119848994
10.08.2018	139458549
11.08.2018	103956856
12.08.2018	90604745
13.08.2018	135974531
14.08.2018	137603837
15.08.2018	127361812
16.08.2018	120387676
17.08.2018	126620477
18.08.2018	94409636
19.08.2018	89831571
20.08.2018	122727236
21.08.2018	115408430
22.08.2018	123983722
23.08.2018	114490282
24.08.2018	119823738
25.08.2018	103079478
26.08.2018	98560782
27.08.2018	129786683
28.08.2018	134621756
29.08.2018	126196179
30.08.2018	125933626
31.08.2018	125423100
01.09.2018	116163704
02.09.2018	93455529
03.09.2018	121932358
04.09.2018	120666513
05.09.2018	133114599
06.09.2018	133205581
07.09.2018	135266523
08.09.2018	106580970
09.09.2018	100412746
10.09.2018	121373337
11.09.2018	132796815
12.09.2018	119120595
13.09.2018	121220725
14.09.2018	139588020
15.09.2018	110580268
16.09.2018	87198647
17.09.2018	122532457
18.09.2018	132956519
19.09.2018	125492210
20.09.2018	125519412
21.09.2018	145771449
22.09.2018	113466030
23.09.2018	98345016
24.09.2018	119452875
25.09.2018	129832692
26.09.2018	124822744
27.09.2018	125415466
28.09.2018	131695975
29.09.2018	105394308
30.09.2018	102153943
01.10.2018	135422735
02.10.2018	139101005
03.10.2018	121542722
04.10.2018	119796008
05.10.2018	125204415
06.10.2018	115262735
07.10.2018	118128874
08.10.2018	130298970
09.10.2018	125633758
10.10.2018	129154395
11.10.2018	146411276
12.10.2018	148962399
13.10.2018	121545129
14.10.2018	109132438
15.10.2018	152889275
16.10.2018	143946965
17.10.2018	144790677
18.10.2018	137476711
19.10.2018	144576994
20.10.2018	126967625
21.10.2018	113648536
22.10.2018	142063633
23.10.2018	143568104
24.10.2018	129007193
25.10.2018	141853951
26.10.2018	151300769
27.10.2018	124286905
28.10.2018	115960266
29.10.2018	143637809
30.10.2018	145324396
31.10.2018	149681753
01.11.2018	150836102
02.11.2018	159738855
03.11.2018	142573631
04.11.2018	127328046
05.11.2018	150387577
06.11.2018	137220920
07.11.2018	148740910
08.11.2018	141565839
09.11.2018	144169864
10.11.2018	125177615
11.11.2018	127613095
12.11.2018	149362860
13.11.2018	133200392
14.11.2018	147794850
15.11.2018	151592924
16.11.2018	145929873
17.11.2018	132566086
18.11.2018	117375788
19.11.2018	138689706
20.11.2018	158893720
21.11.2018	127422353
22.11.2018	148651548
23.11.2018	141387073
24.11.2018	140179216
25.11.2018	128340364
26.11.2018	131664225
27.11.2018	140334279
28.11.2018	131212276
29.11.2018	126223662
30.11.2018	122188928
01.12.2018	132486362
02.12.2018	114600981
03.12.2018	125517220
04.12.2018	149517427
05.12.2018	134779851
06.12.2018	147410519
07.12.2018	139341216
08.12.2018	123279033
09.12.2018	121451728
10.12.2018	141503130
11.12.2018	134584115
12.12.2018	136027500
13.12.2018	142037670
14.12.2018	154568029
15.12.2018	140336305
16.12.2018	117290749
17.12.2018	158524710
18.12.2018	138034598
19.12.2018	161629936
20.12.2018	153791328
21.12.2018	146768480
22.12.2018	141144355
23.12.2018	130322402
24.12.2018	141775774
25.12.2018	130683877
26.12.2018	139664146
27.12.2018	154098125
28.12.2018	155400853
29.12.2018	134371999
30.12.2018	134197675
31.12.2018	137701067
01.01.2019	119465063
02.01.2019	143126960
03.01.2019	149764463
04.01.2019	142920615
05.01.2019	132510169
06.01.2019	116561230
07.01.2019	138850137
08.01.2019	146680170
09.01.2019	144998601
10.01.2019	151456004
11.01.2019	145508376
12.01.2019	123746623
13.01.2019	116911812
14.01.2019	142540547
15.01.2019	140584600
16.01.2019	147909050
17.01.2019	139346201
18.01.2019	143242068
19.01.2019	127563234
20.01.2019	126508254
21.01.2019	141477557
22.01.2019	137183139
23.01.2019	149812261
24.01.2019	147638496
25.01.2019	140395687
26.01.2019	147110319
27.01.2019	120730266
28.01.2019	148283441
29.01.2019	147492527
30.01.2019	146160284
31.01.2019	157390133
01.02.2019	161885605
02.02.2019	141312643
03.02.2019	129099029
04.02.2019	148822584
05.02.2019	154524678
06.02.2019	172260747
07.02.2019	163945741
08.02.2019	160491541
09.02.2019	140154749
10.02.2019	125893737
11.02.2019	158209661
12.02.2019	167035400
13.02.2019	176452700
14.02.2019	156685823
15.02.2019	139861827
16.02.2019	151314004
17.02.2019	140218576
18.02.2019	167402638
19.02.2019	165433516
20.02.2019	154897873
21.02.2019	140235491
22.02.2019	175799845
23.02.2019	140539508
24.02.2019	143036954
25.02.2019	158662241
26.02.2019	175958083
27.02.2019	158642210
28.02.2019	169610591
01.03.2019	170597568
02.03.2019	152536462
03.03.2019	146522736
04.03.2019	151351295
05.03.2019	153443952
06.03.2019	158163111
07.03.2019	143198756
08.03.2019	145800942
09.03.2019	121774445
10.03.2019	106552376
11.03.2019	156139554
12.03.2019	143595042
13.03.2019	157083394
14.03.2019	161793126
15.03.2019	151101027
16.03.2019	128551555
17.03.2019	108448538
18.03.2019	149237780
19.03.2019	158304322
20.03.2019	159712382
21.03.2019	148669429
22.03.2019	152072389
23.03.2019	121816915
24.03.2019	113046988
25.03.2019	156431237
26.03.2019	161853107
27.03.2019	178744843
28.03.2019	177723961
29.03.2019	181395256
30.03.2019	167483909
31.03.2019	163125656
01.04.2019	163928705
02.04.2019	190834595
03.04.2019	177262859
04.04.2019	169814134
05.04.2019	196073079
06.04.2019	168425086
07.04.2019	160584459
08.04.2019	180318925
09.04.2019	165163499
10.04.2019	179623887
11.04.2019	188665777
12.04.2019	178823019
13.04.2019	149503268
14.04.2019	145944499
15.04.2019	177935171
16.04.2019	181632062
17.04.2019	169654486
18.04.2019	181017418
19.04.2019	184297746
20.04.2019	162512899
21.04.2019	185073726
22.04.2019	153057898
23.04.2019	145669017
24.04.2019	201209815
25.04.2019	174390766
26.04.2019	189579097
27.04.2019	160332531
28.04.2019	159344618
29.04.2019	196132621
30.04.2019	181309920
01.05.2019	192701821
02.05.2019	202558518
03.05.2019	186686398
04.05.2019	156785808
05.05.2019	154323756
06.05.2019	184550304
07.05.2019	161033104
08.05.2019	188947164
09.05.2019	188804963
10.05.2019	157435523
11.05.2019	161277322
12.05.2019	195096739
13.05.2019	200969409
14.05.2019	187064442
15.05.2019	184421178
16.05.2019	181809002
17.05.2019	190472111
18.05.2019	190077104
19.05.2019	183215528
20.05.2019	189548139
21.05.2019	192572388
22.05.2019	200607630
23.05.2019	193865236
24.05.2019	191882172
25.05.2019	164879878
26.05.2019	165223811
27.05.2019	198849775
28.05.2019	207106746
29.05.2019	213019678
30.05.2019	194183378
31.05.2019	151136716
01.06.2019	187857024
02.06.2019	157275932
03.06.2019	149553072
04.06.2019	193001805
05.06.2019	198356083
06.06.2019	181917432
07.06.2019	187669367
08.06.2019	141836652
09.06.2019	136331631
10.06.2019	180677259
11.06.2019	179902019
12.06.2019	165071537
13.06.2019	190892515
14.06.2019	218072605
15.06.2019	180124429
16.06.2019	152765823
17.06.2019	164089640
18.06.2019	201470014
19.06.2019	205241700
20.06.2019	179299011
21.06.2019	168344602
22.06.2019	170509708
23.06.2019	213472017
24.06.2019	215198404
25.06.2019	181881580
26.06.2019	204740051
27.06.2019	175131114
28.06.2019	204644578
29.06.2019	199865330
30.06.2019	152531828
01.07.2019	180613769
02.07.2019	195917837
03.07.2019	204152573
04.07.2019	190327903
05.07.2019	194257803
06.07.2019	159698465
07.07.2019	146391561
08.07.2019	189533614
09.07.2019	177910427
10.07.2019	163860559
11.07.2019	161640234
12.07.2019	202117297
13.07.2019	147850145
14.07.2019	138168866
15.07.2019	165871175
16.07.2019	178017795
17.07.2019	153445413
18.07.2019	152585144
19.07.2019	149022716
20.07.2019	185419995
21.07.2019	132191340
22.07.2019	158708704
23.07.2019	157838410
24.07.2019	153913849
25.07.2019	169999618
26.07.2019	158869062
27.07.2019	130430691
28.07.2019	123138148
29.07.2019	161327571
30.07.2019	165905984
31.07.2019	172259498
01.08.2019	163420822
02.08.2019	174613494
03.08.2019	146623125
04.08.2019	137777769
05.08.2019	168668992
06.08.2019	184392523
07.08.2019	173561652
08.08.2019	175988675
09.08.2019	170017220
10.08.2019	137492920
11.08.2019	121085763
12.08.2019	137787897
13.08.2019	186762313
14.08.2019	173236341
15.08.2019	167385013
16.08.2019	152289757
17.08.2019	127586597
18.08.2019	119638155
19.08.2019	153041616
20.08.2019	164813631
21.08.2019	161624306
22.08.2019	175105960
23.08.2019	167614693
24.08.2019	156340365
25.08.2019	124651294
26.08.2019	160346737
27.08.2019	156564816
28.08.2019	156808538
29.08.2019	164260369
30.08.2019	160865808
31.08.2019	145138147
01.09.2019	126643724
02.09.2019	157308889
03.09.2019	178457294
04.09.2019	160207216
05.09.2019	168429122
06.09.2019	172447317
07.09.2019	138755253
08.09.2019	125169467
09.09.2019	159120305
10.09.2019	174254804
11.09.2019	175435127
12.09.2019	154817508
13.09.2019	160442740
14.09.2019	140067506
15.09.2019	127574005
16.09.2019	171955105
17.09.2019	171341437
18.09.2019	186163548
19.09.2019	163449889
20.09.2019	157079564
21.09.2019	146865889
22.09.2019	141232071
23.09.2019	141784026
24.09.2019	182688045
25.09.2019	172307357
26.09.2019	165996113
27.09.2019	144595902
28.09.2019	141070445
29.09.2019	122271476
30.09.2019	149568301
01.10.2019	160169728
02.10.2019	148883253
03.10.2019	152599686
04.10.2019	159778472
05.10.2019	139907208
06.10.2019	121142108
07.10.2019	155900569
08.10.2019	156573153
09.10.2019	142469977
10.10.2019	156850003
11.10.2019	158663649
12.10.2019	129209534
13.10.2019	116037459
14.10.2019	143015128
15.10.2019	152379940
16.10.2019	159697235
17.10.2019	164789697
18.10.2019	150777680
19.10.2019	137590637
20.10.2019	123413305
21.10.2019	160445841
22.10.2019	162083549
23.10.2019	164373136
24.10.2019	145165940
25.10.2019	164247652
26.10.2019	171503301
27.10.2019	126768174
28.10.2019	160932117
29.10.2019	154180344
30.10.2019	147295896
31.10.2019	142681258
01.11.2019	161342078
02.11.2019	132606957
03.11.2019	133811959
04.11.2019	153789446
05.11.2019	163801958
06.11.2019	168145856
07.11.2019	159135568
08.11.2019	149188386
09.11.2019	153045079
10.11.2019	137637724
11.11.2019	151547985
12.11.2019	139605091
13.11.2019	155979439
14.11.2019	165846083
15.11.2019	175909841
16.11.2019	173382600
17.11.2019	170710152
18.11.2019	142666673
19.11.2019	168141163
20.11.2019	145681251
21.11.2019	166383733
22.11.2019	165096140
23.11.2019	145582740
24.11.2019	114702726
25.11.2019	134510178
26.11.2019	152998646
27.11.2019	164805781
28.11.2019	142371118
29.11.2019	143550415
30.11.2019	134890886
01.12.2019	121016592
02.12.2019	147799403
03.12.2019	151930117
04.12.2019	156036726
05.12.2019	147706451
06.12.2019	153570054
07.12.2019	134200530
08.12.2019	123613707
09.12.2019	161176987
10.12.2019	163738708
11.12.2019	157804799
12.12.2019	145759755
13.12.2019	150546015
14.12.2019	136334490
15.12.2019	138896156
16.12.2019	163044003
17.12.2019	185331790
18.12.2019	154464100
19.12.2019	159099155
20.12.2019	150042349
21.12.2019	133083033
22.12.2019	125169883
23.12.2019	148361305
24.12.2019	138957252
25.12.2019	113833560
26.12.2019	139922253
27.12.2019	147499814
28.12.2019	132540443
29.12.2019	122026714
30.12.2019	156807347
31.12.2019	142430723
01.01.2020	111993256
02.01.2020	142743474
03.01.2020	153896396
04.01.2020	133506838
05.01.2020	128906654
06.01.2020	152227435
07.01.2020	166919417
08.01.2020	151015707
09.01.2020	164044571
10.01.2020	166950916
11.01.2020	137546038
12.01.2020	124578153
13.01.2020	140363485
14.01.2020	176851467
15.01.2020	160840958
16.01.2020	156376846
17.01.2020	154048353
18.01.2020	126067632
19.01.2020	131214029
20.01.2020	150720303
21.01.2020	152967295
22.01.2020	165168395
23.01.2020	165301912
24.01.2020	156996181
25.01.2020	139943126
26.01.2020	118054354
27.01.2020	136217907
28.01.2020	171079741
29.01.2020	160732010
30.01.2020	157157709
31.01.2020	159701634
01.02.2020	145334946
02.02.2020	144843594
03.02.2020	176234984
04.02.2020	157712229
05.02.2020	172476691
06.02.2020	153473217
07.02.2020	178364187
08.02.2020	155196574
09.02.2020	145642853
10.02.2020	146383805
11.02.2020	186289413
12.02.2020	163012379
13.02.2020	173356948
14.02.2020	147194561
15.02.2020	156144630
16.02.2020	132736897
17.02.2020	160879598
18.02.2020	168430909
19.02.2020	164444401
20.02.2020	157352139
21.02.2020	164333031
22.02.2020	139767854
23.02.2020	129123850
24.02.2020	160920503
25.02.2020	153297156
26.02.2020	158240217
27.02.2020	162085989
28.02.2020	171061095
29.02.2020	137515232
01.03.2020	146841480
02.03.2020	166324480
03.03.2020	175066537
04.03.2020	204753039
05.03.2020	162856752
06.03.2020	166390779
07.03.2020	142810800
08.03.2020	137364675
09.03.2020	172181997
10.03.2020	171540310
11.03.2020	143788746
12.03.2020	186502622
13.03.2020	162087284
14.03.2020	163133489
15.03.2020	132523738
16.03.2020	142020908
17.03.2020	151486443
18.03.2020	116499282
19.03.2020	139810680
20.03.2020	137828110
21.03.2020	137433389
22.03.2020	107072250
23.03.2020	129980298
24.03.2020	154478097
25.03.2020	103526819
26.03.2020	181672404
27.03.2020	172108129
28.03.2020	122907580
29.03.2020	116248307
30.03.2020	155178081
31.03.2020	163113506
01.04.2020	170395257
02.04.2020	170626284
03.04.2020	151602306
04.04.2020	169131819
05.04.2020	134694225
06.04.2020	149073390
07.04.2020	191083755
08.04.2020	160748908
09.04.2020	164685037
10.04.2020	146712599
11.04.2020	124777425
12.04.2020	122461503
13.04.2020	158912060
14.04.2020	166046835
15.04.2020	198893844
16.04.2020	171169522
17.04.2020	163351288
18.04.2020	181814720
19.04.2020	148329621
20.04.2020	168932468
21.04.2020	159169121
22.04.2020	135112250
23.04.2020	182881001
24.04.2020	183434456
25.04.2020	168587298
26.04.2020	146920802
27.04.2020	166296358
28.04.2020	187217960
29.04.2020	173411119
30.04.2020	171288969
01.05.2020	176326123
02.05.2020	198543787
03.05.2020	201004576
04.05.2020	171603643
05.05.2020	190254794
06.05.2020	186395961
07.05.2020	193156827
08.05.2020	174583018
09.05.2020	175722022
10.05.2020	211937095
11.05.2020	201532576
12.05.2020	186873545
13.05.2020	154313316
14.05.2020	150850087
15.05.2020	159055441
16.05.2020	159098481
17.05.2020	135434817
18.05.2020	173149617
19.05.2020	153327552
20.05.2020	152702767
21.05.2020	169731189
22.05.2020	143972689
23.05.2020	152183216
24.05.2020	163881733
25.05.2020	159916425
26.05.2020	162136892
27.05.2020	185406766
28.05.2020	167915995
29.05.2020	161405894
30.05.2020	194301760
31.05.2020	157785798
01.06.2020	170096445
02.06.2020	165593071
03.06.2020	178313013
04.06.2020	186707206
05.06.2020	186623038
06.06.2020	155464276
07.06.2020	137010692
08.06.2020	186567507
09.06.2020	188255181
10.06.2020	177260631
11.06.2020	255757171
12.06.2020	220942135
13.06.2020	168670632
14.06.2020	140304815
15.06.2020	155849163
16.06.2020	183465141
17.06.2020	175470012
18.06.2020	153665877
19.06.2020	183768612
20.06.2020	151724406
21.06.2020	143249135
22.06.2020	157852970
23.06.2020	206184447
24.06.2020	179054219
25.06.2020	176780113
26.06.2020	194518955
27.06.2020	152540996
28.06.2020	135267270
29.06.2020	181094039
30.06.2020	174906411
01.07.2020	209913660
02.07.2020	185883733
03.07.2020	195431472
04.07.2020	162904203
05.07.2020	150235749
06.07.2020	189057192
07.07.2020	177721820
08.07.2020	188427892
09.07.2020	207803745
10.07.2020	194516018
11.07.2020	170207028
12.07.2020	148932784
13.07.2020	168101954
14.07.2020	181309311
15.07.2020	181280124
16.07.2020	173641055
17.07.2020	149200595
18.07.2020	165906284
19.07.2020	174594653
20.07.2020	181590772
21.07.2020	161293173
22.07.2020	181546363
23.07.2020	175949130
24.07.2020	211592473
25.07.2020	194655810
26.07.2020	212286803
27.07.2020	191485194
28.07.2020	185680864
29.07.2020	189888275
30.07.2020	173763498
31.07.2020	198883038
01.08.2020	176432057
02.08.2020	190790664
03.08.2020	214953809
04.08.2020	190086717
05.08.2020	163568498
06.08.2020	199213292
07.08.2020	197898025
08.08.2020	188470883
09.08.2020	195150133
10.08.2020	171126076
11.08.2020	197909426
12.08.2020	204139805
13.08.2020	177450439
14.08.2020	211203991
15.08.2020	191857553
16.08.2020	174418177
17.08.2020	158541382
18.08.2020	174334472
19.08.2020	178580260
20.08.2020	184726493
21.08.2020	208381529
22.08.2020	179294627
23.08.2020	196544998
24.08.2020	173757628
25.08.2020	168715092
26.08.2020	184950090
27.08.2020	163678594
28.08.2020	212250021
29.08.2020	193932297
30.08.2020	166438605
31.08.2020	175697540
01.09.2020	196192215
02.09.2020	186266634
03.09.2020	167107330
04.09.2020	175501226
05.09.2020	179927212
06.09.2020	213267866
07.09.2020	224085075
08.09.2020	193668342
09.09.2020	177990248
10.09.2020	210665503
11.09.2020	183347093
12.09.2020	180291642
13.09.2020	152035294
14.09.2020	204247578
15.09.2020	182887414
16.09.2020	202916664
17.09.2020	225751061
18.09.2020	190394416
19.09.2020	186212419
20.09.2020	155343755
21.09.2020	174933988
22.09.2020	165932415
23.09.2020	182889259
24.09.2020	172400431
25.09.2020	227827065
26.09.2020	196806836
27.09.2020	154381875
28.09.2020	160499177
29.09.2020	179670160
30.09.2020	206608184
01.10.2020	161298258
02.10.2020	175595851
03.10.2020	199965585
04.10.2020	192756416
05.10.2020	167965395
06.10.2020	169091960
07.10.2020	193107049
08.10.2020	198240304
09.10.2020	186523246
10.10.2020	185641004
11.10.2020	149363272
12.10.2020	176443016
13.10.2020	208786747
14.10.2020	169332164
15.10.2020	190473000
16.10.2020	188423439
17.10.2020	161669375
18.10.2020	129963551
19.10.2020	159446315
20.10.2020	176586952
21.10.2020	168629508
22.10.2020	175898742
23.10.2020	168251867
24.10.2020	203374308
25.10.2020	160707362
26.10.2020	147449770
27.10.2020	128647494
28.10.2020	128783919
29.10.2020	140244524
30.10.2020	143644465
31.10.2020	144605061
01.11.2020	155858242
02.11.2020	126021139
03.11.2020	179558874
04.11.2020	213424361
05.11.2020	188429800
06.11.2020	194713578
07.11.2020	198448655
08.11.2020	189346169
09.11.2020	253577239
10.11.2020	180183688
11.11.2020	190684456
12.11.2020	199616061
13.11.2020	177452862
14.11.2020	183207923
15.11.2020	180783978
16.11.2020	193429011
17.11.2020	201346288
18.11.2020	213284264
19.11.2020	182218606
20.11.2020	215898792
21.11.2020	194379095
22.11.2020	161682411
23.11.2020	180732812
24.11.2020	172938870
25.11.2020	191183347
26.11.2020	194522195
27.11.2020	197914555
28.11.2020	203325984
29.11.2020	165724061
30.11.2020	148990700
01.12.2020	194130643
02.12.2020	164616330
03.12.2020	205702192
04.12.2020	190227925
05.12.2020	193291656
06.12.2020	183406832
07.12.2020	180386413
08.12.2020	185261403
09.12.2020	177338690
10.12.2020	169872368
11.12.2020	182979309
12.12.2020	171087363
13.12.2020	183178943
14.12.2020	169878972
15.12.2020	180951395
16.12.2020	187263176
17.12.2020	167687467
18.12.2020	199631150
19.12.2020	199968667
20.12.2020	202947940
21.12.2020	182970116
22.12.2020	186197300
23.12.2020	191926648
24.12.2020	160033350
25.12.2020	185161562
26.12.2020	189726620
27.12.2020	192986040
28.12.2020	207461109
29.12.2020	194049804
30.12.2020	216130881
31.12.2020	212042592
01.01.2021	201482667
02.01.2021	210741224
03.01.2021	203613640
04.01.2021	228153471
05.01.2021	202955954
06.01.2021	228979222
07.01.2021	213288624
08.01.2021	191661638
09.01.2021	175269390
10.01.2021	203947928
11.01.2021	205936731
12.01.2021	195983383
13.01.2021	192259581
14.01.2021	190583004
15.01.2021	203866200
16.01.2021	194005943
17.01.2021	176170561
18.01.2021	194666394
19.01.2021	190460042
20.01.2021	180073317
21.01.2021	169383333
22.01.2021	180932280
23.01.2021	201217230
24.01.2021	181676874
25.01.2021	193273506
26.01.2021	219023457
27.01.2021	182699387
28.01.2021	190812229
29.01.2021	199598389
30.01.2021	177037162
31.01.2021	188780034
01.02.2021	156162957
02.02.2021	199144389
03.02.2021	195272448
04.02.2021	205883927
05.02.2021	220345186
06.02.2021	204512104
07.02.2021	217394235
08.02.2021	224657274
09.02.2021	182890670
10.02.2021	184512734
11.02.2021	163982532
12.02.2021	180763509
13.02.2021	207139129
14.02.2021	195851610
15.02.2021	201027196
16.02.2021	156916096
17.02.2021	178160687
18.02.2021	178791889
19.02.2021	203282199
20.02.2021	192955410
21.02.2021	203852032
22.02.2021	177549547
23.02.2021	164888737
24.02.2021	208280020
25.02.2021	202956294
26.02.2021	179822122
27.02.2021	202823616
28.02.2021	178747924
01.03.2021	175231255
02.03.2021	187250185
03.03.2021	197753125
04.03.2021	164806893
05.03.2021	197262919
06.03.2021	205517927
07.03.2021	199987250
08.03.2021	218585671
09.03.2021	183562491
10.03.2021	193690575
11.03.2021	169597415
12.03.2021	197233210
13.03.2021	201204459
14.03.2021	206633855
15.03.2021	200733908
16.03.2021	197299166
17.03.2021	175834421
18.03.2021	191805926
19.03.2021	195808931
20.03.2021	205633275
21.03.2021	227029774
22.03.2021	204974102
23.03.2021	217731271
24.03.2021	205749934
25.03.2021	202740384
26.03.2021	179334451
27.03.2021	206405426
28.03.2021	209123041
29.03.2021	193731794
30.03.2021	191600531
31.03.2021	211218372
01.04.2021	193805684
02.04.2021	183998728
03.04.2021	171893243
04.04.2021	200027619
05.04.2021	219760540
06.04.2021	193395941
07.04.2021	204747884
08.04.2021	176104656
09.04.2021	201947760
10.04.2021	212154324
11.04.2021	199671005
12.04.2021	193772267
13.04.2021	189955941
14.04.2021	173941895
15.04.2021	226567391
16.04.2021	135681751
17.04.2021	123364985
18.04.2021	160478563
19.04.2021	126623863
20.04.2021	170222934
21.04.2021	131993113
22.04.2021	182495363
23.04.2021	177635707
24.04.2021	192302725
25.04.2021	189285643
26.04.2021	149884142
27.04.2021	186965342
28.04.2021	186250717
29.04.2021	166448228
30.04.2021	201371615
01.05.2021	187087945
02.05.2021	260434168
03.05.2021	258880350
04.05.2021	241900146
05.05.2021	211580152
06.05.2021	231500114
07.05.2021	222963035
08.05.2021	224164503
09.05.2021	253126476
10.05.2021	247400414
11.05.2021	232118854
12.05.2021	235850336
13.05.2021	211160392
14.05.2021	176282767
15.05.2021	165775930
16.05.2021	181064542
17.05.2021	161428717
18.05.2021	133218696
19.05.2021	165285705
20.05.2021	146062245
21.05.2021	141857689
22.05.2021	149587839
23.05.2021	164216662
24.05.2021	169588761
25.05.2021	167213902
26.05.2021	158618930
27.05.2021	147700131
28.05.2021	159920817
29.05.2021	153436262
30.05.2021	215882377
31.05.2021	203134015
01.06.2021	193922392
02.06.2021	214322018
03.06.2021	190167109
04.06.2021	169011879
05.06.2021	141993114
06.06.2021	142307813
07.06.2021	166346388
08.06.2021	191665974
09.06.2021	134513727
10.06.2021	154751386
11.06.2021	147198899
12.06.2021	196648257
13.06.2021	155089937
14.06.2021	170567300
15.06.2021	169535255
16.06.2021	166542968
17.06.2021	152067332
18.06.2021	144339314
19.06.2021	122326910
20.06.2021	132547701
21.06.2021	142089773
22.06.2021	126756875
23.06.2021	140654505
24.06.2021	144990587
25.06.2021	153527372
26.06.2021	126414853
27.06.2021	82668992
28.06.2021	120672230
29.06.2021	126119265
30.06.2021	119629424
01.07.2021	133670477
02.07.2021	126352546
03.07.2021	180399388
04.07.2021	165733815
05.07.2021	175241411
06.07.2021	155777613
07.07.2021	144370035
08.07.2021	143172582
09.07.2021	165022532
10.07.2021	135335723
11.07.2021	138815538
12.07.2021	148314867
13.07.2021	157708597
14.07.2021	154678592
15.07.2021	155047657
16.07.2021	139578358
17.07.2021	112247230
18.07.2021	115755965
19.07.2021	155211608
20.07.2021	156899447
21.07.2021	158347963
22.07.2021	145229861
23.07.2021	142222750
24.07.2021	129831342
25.07.2021	121296691
26.07.2021	172075643
27.07.2021	185734887
28.07.2021	158838424
29.07.2021	163545894
30.07.2021	154269678
31.07.2021	128862261
01.08.2021	118980733
02.08.2021	181303443
03.08.2021	160335999
04.08.2021	160411331
05.08.2021	154066325
06.08.2021	164981507
07.08.2021	132196817
08.08.2021	127178873
09.08.2021	171144762
10.08.2021	163326004
11.08.2021	162999976
12.08.2021	155591891
13.08.2021	176634939
14.08.2021	125388041
15.08.2021	149891485
16.08.2021	177968919
17.08.2021	196276275
18.08.2021	168535198
19.08.2021	171570258
20.08.2021	184439468
21.08.2021	143265693
22.08.2021	137467137
23.08.2021	182921769
24.08.2021	174859917
25.08.2021	153621034
26.08.2021	148779432
27.08.2021	149726728
28.08.2021	131586473
29.08.2021	132506645
30.08.2021	159086215
31.08.2021	164435573
01.09.2021	172191468
02.09.2021	187460746
03.09.2021	187737186
04.09.2021	137338348
05.09.2021	133176488
06.09.2021	187118972
07.09.2021	174529930
08.09.2021	159829619
09.09.2021	163397904
10.09.2021	162448785
11.09.2021	160278754
12.09.2021	122762509
13.09.2021	167003864
14.09.2021	174363291
15.09.2021	189098370
16.09.2021	204869053
17.09.2021	179928970
18.09.2021	148026549
19.09.2021	123261285
20.09.2021	199151607
21.09.2021	150081591
22.09.2021	165423414
23.09.2021	167735446
24.09.2021	178429270
25.09.2021	121026145
26.09.2021	127137496
27.09.2021	163031857
28.09.2021	180029098
29.09.2021	149645411
30.09.2021	214426335
01.10.2021	173180202
02.10.2021	177266410
03.10.2021	136548210
04.10.2021	182086776
05.10.2021	209051715
06.10.2021	156768039
07.10.2021	201643444
08.10.2021	175251367
09.10.2021	193475416
10.10.2021	140174856
11.10.2021	184845886
12.10.2021	175896708
13.10.2021	187135112
14.10.2021	183548990
15.10.2021	182823024
16.10.2021	172305943
17.10.2021	144536218
18.10.2021	179472293
19.10.2021	201925934
20.10.2021	175691661
21.10.2021	223891970
22.10.2021	184573938
23.10.2021	152444702
24.10.2021	128408355
25.10.2021	200512983
26.10.2021	182005671
27.10.2021	173873815
28.10.2021	191300898
29.10.2021	182508999
30.10.2021	152934965
31.10.2021	155488496
01.11.2021	194632473
02.11.2021	197569203
03.11.2021	189954958
04.11.2021	186986841
05.11.2021	192811159
06.11.2021	141840615
07.11.2021	151849592
08.11.2021	171875683
09.11.2021	224037422
10.11.2021	203074476
11.11.2021	194408130
12.11.2021	179218454
13.11.2021	148218924
14.11.2021	138285190
15.11.2021	203903457
16.11.2021	188922482
17.11.2021	204447340
18.11.2021	182573477
19.11.2021	174789701
20.11.2021	152151117
21.11.2021	148366916
22.11.2021	168522778
23.11.2021	156250612
24.11.2021	195549891
25.11.2021	161778315
26.11.2021	177240260
27.11.2021	131953285
28.11.2021	134539206
29.11.2021	174056755
30.11.2021	166719223
01.12.2021	192679008
02.12.2021	232652971
03.12.2021	182329889
04.12.2021	169230905
05.12.2021	202939408
06.12.2021	188533132
07.12.2021	185878882
08.12.2021	159869380
09.12.2021	216694384
10.12.2021	160423781
11.12.2021	133821884
12.12.2021	120836166
13.12.2021	168825897
14.12.2021	170132293
15.12.2021	196917746
16.12.2021	146630484
17.12.2021	185333205
18.12.2021	152859885
19.12.2021	117191623
20.12.2021	179784274
21.12.2021	178761578
22.12.2021	178456509
23.12.2021	170966260
24.12.2021	187141383
25.12.2021	171165141
26.12.2021	131891664
27.12.2021	181881670
28.12.2021	197079864
29.12.2021	203291148
30.12.2021	171388531
31.12.2021	207710226
01.01.2022	120004213
02.01.2022	124532980
03.01.2022	165962473
04.01.2022	175812280
05.01.2022	185250445
06.01.2022	173433256
07.01.2022	178577306
08.01.2022	147754564
09.01.2022	131070337
10.01.2022	180079786
11.01.2022	175321466
12.01.2022	178163286
13.01.2022	170108607
14.01.2022	183023944
15.01.2022	141901898
16.01.2022	134820131
17.01.2022	179105907
18.01.2022	164655108
19.01.2022	172770138
20.01.2022	173412850
21.01.2022	189001152
22.01.2022	183734851
23.01.2022	136462911
24.01.2022	182420131
25.01.2022	163081445
26.01.2022	161264249
27.01.2022	165907011
28.01.2022	183133436
29.01.2022	155598841
30.01.2022	153030287
31.01.2022	203806213
01.02.2022	205926029
02.02.2022	182212899
03.02.2022	173859385
04.02.2022	157676982
05.02.2022	170001374
06.02.2022	169504362
07.02.2022	165932859
08.02.2022	195447827
09.02.2022	197802195
10.02.2022	204190080
11.02.2022	216799234
12.02.2022	243009060
13.02.2022	143500092
14.02.2022	161941834
15.02.2022	194195848
16.02.2022	165806028
17.02.2022	168408861
18.02.2022	173722436
19.02.2022	156710367
20.02.2022	130142540
21.02.2022	160366748
22.02.2022	166894063
23.02.2022	155607163
24.02.2022	173434452
25.02.2022	173347120
26.02.2022	145662415
27.02.2022	138816816
28.02.2022	180019994
01.03.2022	207696072
02.03.2022	207045806
03.03.2022	188101462
04.03.2022	183121154
05.03.2022	147758425
06.03.2022	139892305
07.03.2022	174670883
08.03.2022	184042103
09.03.2022	172442362
10.03.2022	185794600
11.03.2022	169926459
12.03.2022	146897495
13.03.2022	134897559
14.03.2022	172901120
15.03.2022	171300832
16.03.2022	187898319
17.03.2022	187187550
18.03.2022	183086482
19.03.2022	160540192
20.03.2022	135295150
21.03.2022	169849637
22.03.2022	166033414
23.03.2022	182192897
24.03.2022	170385263
25.03.2022	200258872
26.03.2022	148457433
27.03.2022	142862704
28.03.2022	197820850
29.03.2022	176939394
30.03.2022	178343618
31.03.2022	176210442
01.04.2022	192715243
02.04.2022	175519747
03.04.2022	147536833
04.04.2022	184225350
05.04.2022	170442312
06.04.2022	170306145
07.04.2022	176539023
08.04.2022	163775398
09.04.2022	146647667
10.04.2022	134918578
11.04.2022	178858551
12.04.2022	191847993
13.04.2022	173817303
14.04.2022	169314793
15.04.2022	159856563
16.04.2022	139281157
17.04.2022	136724786
18.04.2022	173293062
19.04.2022	168584827
20.04.2022	183796745
21.04.2022	187475456
22.04.2022	173711266
23.04.2022	155343431
24.04.2022	145424852
25.04.2022	189223672
26.04.2022	173171328
27.04.2022	180594175
28.04.2022	180500823
29.04.2022	197581056
30.04.2022	184065868
01.05.2022	146122372
02.05.2022	178877770
03.05.2022	168650394
04.05.2022	159565365
05.05.2022	222851132
06.05.2022	207217752
07.05.2022	152696966
08.05.2022	156892494
09.05.2022	193081132
10.05.2022	177941074
11.05.2022	179555763
12.05.2022	187299785
13.05.2022	198424860
14.05.2022	196890882
15.05.2022	186713166
16.05.2022	233775857
17.05.2022	214649560
18.05.2022	170687584
19.05.2022	162929779
20.05.2022	184706153
21.05.2022	144611012
22.05.2022	147081834
23.05.2022	46482813
